month,store_id,channel,store_format,primary_marketing_channel,marketing_spend,new_customers,orders,gmv,recognized_revenue,gross_profit,cac,roas,revenue_per_order,gross_profit_per_order
2026-01-01,S001,Himaxx Warehouse Outlet,Mall Warehouse,WeChat,3239.81,18,388,108240.02,77098.86,31138.64,179.99,33.4094,198.71,80.25
2026-01-01,S002,Himaxx Warehouse Outlet,Shopping Center Warehouse,WeChat,3000.0,12,273,76469.93,53486.66,23086.91,250.0,25.49,195.92,84.57
2026-01-01,S003,Himaxx Warehouse Outlet,Warehouse Outlet,Local Community Ads,3000.0,4,163,43368.18,34052.97,10770.91,750.0,14.4561,208.91,66.08
2026-01-01,S004,Himaxx Warehouse Outlet,Pop-up Clearance Warehouse,Member Coupon,3538.93,14,249,49317.84,34274.22,9705.39,252.78,13.9358,137.65,38.98
2026-01-01,S005,Himaxx Warehouse Outlet,Shopping Center Warehouse,Offline Event,3000.0,7,230,61508.65,46158.66,18317.95,428.57,20.5029,200.69,79.64
2026-01-01,S006,Himaxx Warehouse Outlet,Warehouse Outlet,Member Coupon,3000.0,16,212,55594.07,40798.02,15331.22,187.5,18.5314,192.44,72.32
2026-01-01,S007,Himaxx Warehouse Outlet,Mall Warehouse,WeChat,3547.9,17,310,90460.22,68315.44,27062.23,208.7,25.4969,220.37,87.3
2026-01-01,S008,Himaxx Warehouse Outlet,Mall Warehouse,WeChat,4319.93,22,359,93875.07,71062.61,27656.4,196.36,21.7307,197.95,77.04
2026-01-01,S009,Himaxx Warehouse Outlet,Mall Warehouse,Offline Event,5030.56,15,319,88768.07,62236.14,25148.09,335.37,17.6458,195.1,78.83
2026-01-01,S010,Himaxx Warehouse Outlet,Community Warehouse,WeChat,3000.0,14,264,77496.03,56524.9,20866.85,214.29,25.832,214.11,79.04
2026-01-01,S011,Himaxx Warehouse Outlet,Community Warehouse,WeChat,3000.0,1,198,59346.96,46488.36,19489.42,3000.0,19.7823,234.79,98.43
2026-01-01,S012,Himaxx Warehouse Outlet,Warehouse Outlet,Local Community Ads,3647.62,20,410,112428.22,82223.06,31430.66,182.38,30.8223,200.54,76.66
2026-01-01,S013,Himaxx Warehouse Outlet,Community Warehouse,Offline Event,3000.0,15,358,102089.16,78552.77,31851.02,200.0,34.0297,219.42,88.97
2026-01-01,S014,Himaxx Warehouse Outlet,Shopping Center Warehouse,Offline Event,3000.0,14,251,76492.59,56393.21,22044.04,214.29,25.4975,224.67,87.82
2026-01-01,S015,Himaxx Warehouse Outlet,Mall Warehouse,Mall Promotion,3000.0,11,250,71668.55,52698.59,19806.41,272.73,23.8895,210.79,79.23
2026-01-01,S016,Himaxx Warehouse Outlet,Shopping Center Warehouse,Search Ads,4635.72,17,389,105863.94,79754.73,30071.6,272.69,22.8366,205.03,77.3
2026-01-01,S017,Himaxx Warehouse Outlet,Shopping Center Warehouse,WeChat,3000.0,14,238,64419.06,44866.11,20384.37,214.29,21.473,188.51,85.65
2026-01-01,S018,Himaxx Warehouse Outlet,Mall Warehouse,Offline Event,4630.77,16,335,91572.12,67543.94,25872.69,289.42,19.7747,201.62,77.23
2026-01-01,S019,Himaxx Warehouse Outlet,Shopping Center Warehouse,Offline Event,3439.56,12,236,67546.56,50596.16,19738.37,286.63,19.6381,214.39,83.64
2026-01-01,S020,Himaxx Warehouse Outlet,Warehouse Outlet,Member Coupon,4253.33,16,339,96326.1,70246.12,29621.32,265.83,22.6472,207.22,87.38
2026-01-01,S021,Himaxx Warehouse Outlet,Pop-up Clearance Warehouse,Member Coupon,4103.42,11,292,68942.31,51620.54,14172.68,373.04,16.8012,176.78,48.54
2026-01-01,S022,Himaxx Warehouse Outlet,Mall Warehouse,Offline Event,3000.0,16,218,56742.76,39351.15,16332.24,187.5,18.9143,180.51,74.92
2026-01-01,S023,Himaxx Warehouse Outlet,Mall Warehouse,Offline Event,4008.27,17,297,91999.3,68859.28,28045.96,235.78,22.9523,231.85,94.43
2026-01-01,S024,Himaxx Warehouse Outlet,Mall Warehouse,Mall Promotion,3000.0,5,158,46449.05,36106.36,14692.28,600.0,15.483,228.52,92.99
2026-01-01,S025,Himaxx Warehouse Outlet,Shopping Center Warehouse,Search Ads,4525.72,16,286,86774.48,63982.52,24895.94,282.86,19.1736,223.72,87.05
2026-01-01,S026,Himaxx Warehouse Outlet,Shopping Center Warehouse,WeChat,5767.35,12,380,109549.53,81482.72,34017.4,480.61,18.9948,214.43,89.52
2026-01-01,S027,Himaxx Warehouse Outlet,Shopping Center Warehouse,Offline Event,3000.0,8,129,35242.57,24284.82,10062.77,375.0,11.7475,188.25,78.01
2026-01-01,S028,Himaxx Warehouse Outlet,Warehouse Outlet,WeChat,3000.0,9,204,53568.4,37519.55,12647.86,333.33,17.8561,183.92,62.0
2026-01-01,S029,Himaxx Warehouse Outlet,Warehouse Outlet,WeChat,3000.0,13,271,70527.31,50220.61,20651.31,230.77,23.5091,185.32,76.2
2026-01-01,S030,Himaxx Warehouse Outlet,Warehouse Outlet,WeChat,3000.0,12,215,61837.13,46470.17,17238.79,250.0,20.6124,216.14,80.18
2026-01-01,S031,Himaxx Warehouse Outlet,Warehouse Outlet,Local Community Ads,3000.0,9,203,50688.19,37108.06,13905.66,333.33,16.8961,182.8,68.5
2026-01-01,S032,Himaxx Warehouse Outlet,Mall Warehouse,Offline Event,3000.0,12,281,81911.31,57925.26,23429.76,250.0,27.3038,206.14,83.38
2026-01-01,S033,Himaxx Warehouse Outlet,Mall Warehouse,Offline Event,3531.68,10,224,61425.59,42769.1,17908.72,353.17,17.3927,190.93,79.95
2026-01-01,S034,Himaxx Warehouse Outlet,Warehouse Outlet,WeChat,3089.13,13,385,108997.11,76735.8,31236.67,237.63,35.284,199.31,81.13
2026-01-01,S035,Himaxx Warehouse Outlet,Pop-up Clearance Warehouse,Member Coupon,3000.0,13,240,55360.93,38981.27,10911.98,230.77,18.4536,162.42,45.47
2026-01-01,S036,Himaxx Warehouse Outlet,Warehouse Outlet,Member Coupon,3000.0,13,267,74900.04,54692.21,21182.81,230.77,24.9667,204.84,79.34
2026-01-01,S037,Himaxx Warehouse Outlet,Warehouse Outlet,WeChat,3000.0,5,201,56649.03,41477.49,16596.53,600.0,18.883,206.36,82.57
2026-01-01,S038,Himaxx Warehouse Outlet,Warehouse Outlet,Member Coupon,3554.26,22,334,97108.72,67946.56,26144.55,161.56,27.3218,203.43,78.28
2026-01-01,S039,Himaxx Warehouse Outlet,Pop-up Clearance Warehouse,Xiaohongshu,3852.41,10,316,72433.56,53542.45,14029.12,385.24,18.8021,169.44,44.4
2026-01-01,S040,Himaxx Warehouse Outlet,Warehouse Outlet,Local Community Ads,3000.0,25,413,111429.51,78169.44,30571.37,120.0,37.1432,189.27,74.02
2026-01-01,S041,Himaxx Warehouse Outlet,Shopping Center Warehouse,Offline Event,3000.0,17,144,35869.88,27899.49,10271.06,176.47,11.9566,193.75,71.33
2026-01-01,S042,Himaxx Warehouse Outlet,Community Warehouse,Offline Event,3000.0,17,353,92709.76,65772.63,24442.78,176.47,30.9033,186.32,69.24
2026-01-01,S043,Himaxx Warehouse Outlet,Warehouse Outlet,Member Coupon,3040.53,9,329,96587.19,71654.87,29650.21,337.84,31.7665,217.8,90.12
2026-01-01,S044,Himaxx Warehouse Outlet,Community Warehouse,WeChat,3000.0,21,326,91759.96,66689.26,25706.8,142.86,30.5867,204.57,78.86
2026-01-01,S045,Himaxx Warehouse Outlet,Warehouse Outlet,WeChat,3719.94,18,317,86187.2,62563.76,24495.74,206.66,23.169,197.36,77.27
2026-01-01,S046,Himaxx Warehouse Outlet,Shopping Center Warehouse,Offline Event,3844.81,12,334,98139.67,77375.2,30327.82,320.4,25.5252,231.66,90.8
2026-01-01,S047,Himaxx Warehouse Outlet,Warehouse Outlet,Local Community Ads,3281.49,10,295,75737.08,51994.67,20420.96,328.15,23.0801,176.25,69.22
2026-01-01,S048,Himaxx Warehouse Outlet,Mall Warehouse,Mall Promotion,3998.74,15,256,68053.38,48771.74,19288.31,266.58,17.0187,190.51,75.34
2026-01-01,S049,Himaxx Warehouse Outlet,Warehouse Outlet,Local Community Ads,3000.0,16,368,103462.81,74028.39,29229.45,187.5,34.4876,201.16,79.43
2026-01-01,S050,Himaxx Warehouse Outlet,Community Warehouse,WeChat,3000.0,7,184,48938.91,36651.93,14250.64,428.57,16.313,199.2,77.45
2026-01-01,S051,Himaxx Warehouse Outlet,Shopping Center Warehouse,Offline Event,4054.09,13,274,80887.16,57304.91,24255.76,311.85,19.952,209.14,88.52
2026-01-01,S052,Himaxx Warehouse Outlet,Shopping Center Warehouse,Offline Event,3000.0,11,220,63934.73,42040.07,19232.53,272.73,21.3116,191.09,87.42
2026-01-01,S053,Himaxx Warehouse Outlet,Warehouse Outlet,Member Coupon,4823.06,20,371,99188.26,73877.42,29268.18,241.15,20.5654,199.13,78.89
2026-01-01,S054,Himaxx Warehouse Outlet,Community Warehouse,Offline Event,5048.78,14,346,97242.36,72007.92,30234.38,360.63,19.2606,208.12,87.38
2026-01-01,S055,Himaxx Warehouse Outlet,Mall Warehouse,Offline Event,5535.22,16,360,96612.39,66440.57,26341.7,345.95,17.4541,184.56,73.17
2026-01-01,S056,Himaxx Warehouse Outlet,Warehouse Outlet,Member Coupon,5115.34,15,344,103446.6,74965.38,29626.51,341.02,20.2228,217.92,86.12
2026-01-01,S057,Himaxx Warehouse Outlet,Warehouse Outlet,Member Coupon,3356.05,11,268,76799.4,55233.33,20641.13,305.1,22.8839,206.09,77.02
2026-01-01,S058,Himaxx Warehouse Outlet,Shopping Center Warehouse,WeChat,3000.0,12,198,62449.05,47101.16,16593.82,250.0,20.8163,237.88,83.81
2026-01-01,S059,Himaxx Warehouse Outlet,Mall Warehouse,WeChat,3000.0,9,141,41017.82,32253.54,12581.27,333.33,13.6726,228.75,89.23
2026-01-01,S060,Himaxx Warehouse Outlet,Mall Warehouse,WeChat,3453.09,18,328,91038.08,63889.6,26365.94,191.84,26.3642,194.79,80.38
2026-01-01,S061,Himaxx Warehouse Outlet,Community Warehouse,WeChat,3000.0,5,149,46202.86,33613.75,12305.98,600.0,15.401,225.6,82.59
2026-01-01,S062,Himaxx Warehouse Outlet,Community Warehouse,WeChat,3000.0,21,302,87276.23,58193.22,24910.06,142.86,29.0921,192.69,82.48
2026-01-01,S063,Himaxx Warehouse Outlet,Mall Warehouse,Offline Event,3000.0,5,138,38579.23,29280.16,11194.45,600.0,12.8597,212.18,81.12
2026-01-01,S064,Himaxx Warehouse Outlet,Shopping Center Warehouse,Search Ads,3497.46,15,327,99304.65,75781.92,30001.27,233.16,28.3934,231.75,91.75
2026-01-01,S065,Himaxx Warehouse Outlet,Shopping Center Warehouse,WeChat,3000.0,9,252,74006.55,53376.43,20802.43,333.33,24.6689,211.81,82.55
2026-01-01,S066,Himaxx Warehouse Outlet,Shopping Center Warehouse,Offline Event,3000.0,12,183,46346.62,33013.02,14156.59,250.0,15.4489,180.4,77.36
2026-01-01,S067,Himaxx Warehouse Outlet,Shopping Center Warehouse,WeChat,4854.29,10,288,83381.27,63095.38,25848.52,485.43,17.1768,219.08,89.75
2026-01-01,S068,Himaxx Warehouse Outlet,Mall Warehouse,Offline Event,3000.0,20,259,67884.57,47803.0,19232.29,150.0,22.6282,184.57,74.26
2026-01-01,S069,Himaxx Warehouse Outlet,Warehouse Outlet,Local Community Ads,3150.86,15,281,77661.65,53508.63,19032.22,210.06,24.6478,190.42,67.73
2026-01-01,S070,Himaxx Warehouse Outlet,Shopping Center Warehouse,Search Ads,3000.0,8,132,39535.38,23762.5,10364.38,375.0,13.1785,180.02,78.52
2026-01-01,S071,Himaxx Warehouse Outlet,Warehouse Outlet,Local Community Ads,3000.0,11,260,73783.46,54371.65,22072.99,272.73,24.5945,209.12,84.9
2026-01-01,S072,Himaxx Warehouse Outlet,Community Warehouse,Search Ads,3000.0,10,151,40769.08,29636.52,10453.25,300.0,13.5897,196.27,69.23
2026-01-01,S073,Himaxx Warehouse Outlet,Mall Warehouse,Offline Event,3000.0,14,294,81619.32,61305.69,22150.94,214.29,27.2064,208.52,75.34
2026-01-01,S074,Himaxx Warehouse Outlet,Warehouse Outlet,Member Coupon,3000.0,13,343,97392.98,72831.63,28606.55,230.77,32.4643,212.34,83.4
2026-01-01,S075,Himaxx Warehouse Outlet,Warehouse Outlet,Member Coupon,3000.0,12,249,65452.0,49003.7,19017.69,250.0,21.8173,196.8,76.38
2026-01-01,S076,Himaxx Warehouse Outlet,Warehouse Outlet,WeChat,3000.0,13,187,51493.05,36646.64,14444.99,230.77,17.1644,195.97,77.25
2026-02-01,S001,Himaxx Warehouse Outlet,Mall Warehouse,Offline Event,4639.55,37,351,103026.91,73860.81,26945.29,125.39,22.2062,210.43,76.77
2026-02-01,S002,Himaxx Warehouse Outlet,Shopping Center Warehouse,WeChat,3746.46,27,222,64026.77,45633.13,18075.29,138.76,17.0899,205.55,81.42
2026-02-01,S003,Himaxx Warehouse Outlet,Warehouse Outlet,WeChat,3000.0,13,160,45498.72,34564.51,13940.67,230.77,15.1662,216.03,87.13
2026-02-01,S004,Himaxx Warehouse Outlet,Pop-up Clearance Warehouse,Xiaohongshu,3000.0,21,195,51106.92,38596.12,10964.33,142.86,17.0356,197.93,56.23
2026-02-01,S005,Himaxx Warehouse Outlet,Shopping Center Warehouse,WeChat,3000.0,19,193,53222.79,38045.81,15101.45,157.89,17.7409,197.13,78.25
2026-02-01,S006,Himaxx Warehouse Outlet,Warehouse Outlet,Local Community Ads,3000.0,21,203,55219.68,41008.44,15738.92,142.86,18.4066,202.01,77.53
2026-02-01,S007,Himaxx Warehouse Outlet,Mall Warehouse,Mall Promotion,3000.0,28,234,62792.26,47917.2,16062.28,107.14,20.9308,204.77,68.64
2026-02-01,S008,Himaxx Warehouse Outlet,Mall Warehouse,Offline Event,4268.38,38,337,86502.0,65201.74,26089.71,112.33,20.2658,193.48,77.42
2026-02-01,S009,Himaxx Warehouse Outlet,Mall Warehouse,Mall Promotion,4114.64,35,291,77506.58,57659.43,23102.82,117.56,18.8368,198.14,79.39
2026-02-01,S010,Himaxx Warehouse Outlet,Community Warehouse,Offline Event,3000.0,30,255,68102.48,50629.09,22043.93,100.0,22.7008,198.55,86.45
2026-02-01,S011,Himaxx Warehouse Outlet,Community Warehouse,Search Ads,3632.83,22,216,65489.2,46934.02,21178.12,165.13,18.0271,217.29,98.05
2026-02-01,S012,Himaxx Warehouse Outlet,Warehouse Outlet,WeChat,3214.14,40,349,94067.46,68804.59,23746.89,80.35,29.2667,197.15,68.04
2026-02-01,S013,Himaxx Warehouse Outlet,Community Warehouse,WeChat,4625.21,36,309,86701.76,64615.45,25263.96,128.48,18.7455,209.11,81.76
2026-02-01,S014,Himaxx Warehouse Outlet,Shopping Center Warehouse,Offline Event,3284.73,22,201,56343.99,41662.21,15196.53,149.31,17.1533,207.27,75.6
2026-02-01,S015,Himaxx Warehouse Outlet,Mall Warehouse,Mall Promotion,3000.0,26,196,60178.78,45333.49,17005.06,115.38,20.0596,231.29,86.76
2026-02-01,S016,Himaxx Warehouse Outlet,Shopping Center Warehouse,Offline Event,5912.94,43,351,108007.66,76907.84,32916.4,137.51,18.2663,219.11,93.78
2026-02-01,S017,Himaxx Warehouse Outlet,Shopping Center Warehouse,Offline Event,3000.0,24,216,56244.41,37822.99,16441.86,125.0,18.7481,175.11,76.12
2026-02-01,S018,Himaxx Warehouse Outlet,Mall Warehouse,Offline Event,3210.54,35,300,79968.93,61032.42,24797.35,91.73,24.9082,203.44,82.66
2026-02-01,S019,Himaxx Warehouse Outlet,Shopping Center Warehouse,Search Ads,3138.09,22,195,53791.61,38369.22,16833.05,142.64,17.1415,196.77,86.32
2026-02-01,S020,Himaxx Warehouse Outlet,Warehouse Outlet,Local Community Ads,3000.0,39,335,95881.64,64230.73,25443.24,76.92,31.9605,191.73,75.95
2026-02-01,S021,Himaxx Warehouse Outlet,Pop-up Clearance Warehouse,KOL Collaboration,3000.0,28,275,58929.88,44161.25,12023.39,107.14,19.6433,160.59,43.72
2026-02-01,S022,Himaxx Warehouse Outlet,Mall Warehouse,WeChat,3000.0,24,199,48441.29,33255.35,12616.91,125.0,16.1471,167.11,63.4
2026-02-01,S023,Himaxx Warehouse Outlet,Mall Warehouse,Mall Promotion,3000.0,28,269,70474.44,48509.64,20820.66,107.14,23.4915,180.33,77.4
2026-02-01,S024,Himaxx Warehouse Outlet,Mall Warehouse,Offline Event,3000.0,21,165,45589.78,31539.31,11722.5,142.86,15.1966,191.15,71.05
2026-02-01,S025,Himaxx Warehouse Outlet,Shopping Center Warehouse,Search Ads,3000.0,27,269,75214.95,53316.13,21493.51,111.11,25.0716,198.2,79.9
2026-02-01,S026,Himaxx Warehouse Outlet,Shopping Center Warehouse,Search Ads,3042.29,42,354,96540.05,69814.97,29130.39,72.44,31.7327,197.22,82.29
2026-02-01,S027,Himaxx Warehouse Outlet,Shopping Center Warehouse,Offline Event,3000.0,9,94,25461.01,18143.93,7807.15,333.33,8.487,193.02,83.05
2026-02-01,S028,Himaxx Warehouse Outlet,Warehouse Outlet,WeChat,3000.0,23,178,53313.73,42272.77,15106.87,130.43,17.7712,237.49,84.87
2026-02-01,S029,Himaxx Warehouse Outlet,Warehouse Outlet,WeChat,3000.0,33,237,64782.89,49259.41,19407.33,90.91,21.5943,207.85,81.89
2026-02-01,S030,Himaxx Warehouse Outlet,Warehouse Outlet,Member Coupon,3000.0,24,207,53662.04,35806.81,15630.2,125.0,17.8873,172.98,75.51
2026-02-01,S031,Himaxx Warehouse Outlet,Warehouse Outlet,WeChat,3000.0,20,172,45394.43,31882.78,12172.03,150.0,15.1315,185.36,70.77
2026-02-01,S032,Himaxx Warehouse Outlet,Mall Warehouse,Mall Promotion,3337.98,26,246,72603.58,55097.01,21598.0,128.38,21.7508,223.97,87.8
2026-02-01,S033,Himaxx Warehouse Outlet,Mall Warehouse,WeChat,3000.0,23,189,57247.77,39685.71,14271.74,130.43,19.0826,209.98,75.51
2026-02-01,S034,Himaxx Warehouse Outlet,Warehouse Outlet,WeChat,3190.27,38,341,98588.36,71750.31,29373.43,83.95,30.9028,210.41,86.14
2026-02-01,S035,Himaxx Warehouse Outlet,Pop-up Clearance Warehouse,KOL Collaboration,3048.17,19,184,48276.86,34324.42,10445.89,160.43,15.838,186.55,56.77
2026-02-01,S036,Himaxx Warehouse Outlet,Warehouse Outlet,Local Community Ads,3000.0,27,230,65038.11,52195.16,18273.71,111.11,21.6794,226.94,79.45
2026-02-01,S037,Himaxx Warehouse Outlet,Warehouse Outlet,Member Coupon,3000.0,16,160,42112.11,28739.42,11292.29,187.5,14.0374,179.62,70.58
2026-02-01,S038,Himaxx Warehouse Outlet,Warehouse Outlet,Local Community Ads,3000.0,36,302,75194.85,51370.72,22738.26,83.33,25.065,170.1,75.29
2026-02-01,S039,Himaxx Warehouse Outlet,Pop-up Clearance Warehouse,Xiaohongshu,4314.66,39,270,63225.57,45793.68,13134.51,110.63,14.6537,169.61,48.65
2026-02-01,S040,Himaxx Warehouse Outlet,Warehouse Outlet,WeChat,3061.67,40,322,84889.78,65510.43,23147.77,76.54,27.7266,203.45,71.89
2026-02-01,S041,Himaxx Warehouse Outlet,Shopping Center Warehouse,Search Ads,3000.0,19,161,41737.14,30317.0,11488.53,157.89,13.9124,188.3,71.36
2026-02-01,S042,Himaxx Warehouse Outlet,Community Warehouse,WeChat,3000.0,40,303,83506.47,62263.06,22298.11,75.0,27.8355,205.49,73.59
2026-02-01,S043,Himaxx Warehouse Outlet,Warehouse Outlet,Member Coupon,3000.0,30,265,67021.48,48582.98,18785.87,100.0,22.3405,183.33,70.89
2026-02-01,S044,Himaxx Warehouse Outlet,Community Warehouse,WeChat,3000.0,33,278,82179.07,58005.44,22998.58,90.91,27.393,208.65,82.73
2026-02-01,S045,Himaxx Warehouse Outlet,Warehouse Outlet,Member Coupon,3121.23,35,249,69773.19,51024.65,19532.58,89.18,22.3544,204.92,78.44
2026-02-01,S046,Himaxx Warehouse Outlet,Shopping Center Warehouse,WeChat,3055.14,34,277,74915.48,52410.4,23836.7,89.86,24.5212,189.21,86.05
2026-02-01,S047,Himaxx Warehouse Outlet,Warehouse Outlet,WeChat,3079.6,30,253,69428.2,52166.46,17515.33,102.65,22.5446,206.19,69.23
2026-02-01,S048,Himaxx Warehouse Outlet,Mall Warehouse,Offline Event,3000.0,31,225,54523.34,37261.04,16275.99,96.77,18.1744,165.6,72.34
2026-02-01,S049,Himaxx Warehouse Outlet,Warehouse Outlet,Local Community Ads,3000.0,45,325,78448.9,57076.14,22051.76,66.67,26.1496,175.62,67.85
2026-02-01,S050,Himaxx Warehouse Outlet,Community Warehouse,Offline Event,3000.0,24,198,55617.99,40945.74,16097.45,125.0,18.5393,206.8,81.3
2026-02-01,S051,Himaxx Warehouse Outlet,Shopping Center Warehouse,Offline Event,3000.0,26,248,69266.2,50677.58,21661.84,115.38,23.0887,204.35,87.35
2026-02-01,S052,Himaxx Warehouse Outlet,Shopping Center Warehouse,WeChat,3000.0,29,206,59297.81,43930.4,18383.03,103.45,19.7659,213.25,89.24
2026-02-01,S053,Himaxx Warehouse Outlet,Warehouse Outlet,Member Coupon,3000.0,40,326,91059.76,68477.36,26034.45,75.0,30.3533,210.05,79.86
2026-02-01,S054,Himaxx Warehouse Outlet,Community Warehouse,Offline Event,3641.47,34,309,87609.84,63872.77,23980.25,107.1,24.0589,206.71,77.61
2026-02-01,S055,Himaxx Warehouse Outlet,Mall Warehouse,WeChat,3000.0,40,327,80138.26,58182.26,24828.21,75.0,26.7128,177.93,75.93
2026-02-01,S056,Himaxx Warehouse Outlet,Warehouse Outlet,WeChat,3000.0,30,278,69739.66,48243.2,16072.33,100.0,23.2466,173.54,57.81
2026-02-01,S057,Himaxx Warehouse Outlet,Warehouse Outlet,Member Coupon,3000.0,27,248,67171.04,47803.86,18992.21,111.11,22.3903,192.76,76.58
2026-02-01,S058,Himaxx Warehouse Outlet,Shopping Center Warehouse,WeChat,3000.0,22,184,48044.09,34643.43,14712.68,136.36,16.0147,188.28,79.96
2026-02-01,S059,Himaxx Warehouse Outlet,Mall Warehouse,Offline Event,3000.0,16,151,39633.66,27344.61,10563.33,187.5,13.2112,181.09,69.96
2026-02-01,S060,Himaxx Warehouse Outlet,Mall Warehouse,WeChat,4112.59,33,292,75847.16,55860.29,22247.0,124.62,18.4427,191.3,76.19
2026-02-01,S061,Himaxx Warehouse Outlet,Community Warehouse,Offline Event,3000.0,13,126,36628.97,25565.89,10607.75,230.77,12.2097,202.9,84.19
2026-02-01,S062,Himaxx Warehouse Outlet,Community Warehouse,WeChat,3000.0,35,303,80646.08,56483.47,22079.15,85.71,26.882,186.41,72.87
2026-02-01,S063,Himaxx Warehouse Outlet,Mall Warehouse,Mall Promotion,3000.0,11,123,32749.92,23860.58,9205.81,272.73,10.9166,193.99,74.84
2026-02-01,S064,Himaxx Warehouse Outlet,Shopping Center Warehouse,Offline Event,3281.77,38,313,96619.6,70534.6,29976.6,86.36,29.4413,225.35,95.77
2026-02-01,S065,Himaxx Warehouse Outlet,Shopping Center Warehouse,Offline Event,3408.5,30,264,71357.11,52320.72,21667.79,113.62,20.9351,198.18,82.07
2026-02-01,S066,Himaxx Warehouse Outlet,Shopping Center Warehouse,WeChat,3000.0,17,155,45000.01,32558.13,13867.43,176.47,15.0,210.05,89.47
2026-02-01,S067,Himaxx Warehouse Outlet,Shopping Center Warehouse,Search Ads,3000.0,37,279,71825.91,53102.02,22469.79,81.08,23.942,190.33,80.54
2026-02-01,S068,Himaxx Warehouse Outlet,Mall Warehouse,WeChat,3000.0,29,241,76689.36,53563.79,22492.96,103.45,25.5631,222.26,93.33
2026-02-01,S069,Himaxx Warehouse Outlet,Warehouse Outlet,Local Community Ads,3000.0,23,218,56473.88,36658.95,14778.1,130.43,18.8246,168.16,67.79
2026-02-01,S070,Himaxx Warehouse Outlet,Shopping Center Warehouse,Search Ads,3000.0,10,115,38104.79,30002.28,12534.58,300.0,12.7016,260.89,109.0
2026-02-01,S071,Himaxx Warehouse Outlet,Warehouse Outlet,Member Coupon,3222.09,23,234,65408.33,44490.15,18704.08,140.09,20.3,190.13,79.93
2026-02-01,S072,Himaxx Warehouse Outlet,Community Warehouse,Offline Event,3000.0,20,166,47953.42,32130.83,12767.87,150.0,15.9845,193.56,76.91
2026-02-01,S073,Himaxx Warehouse Outlet,Mall Warehouse,Offline Event,3000.0,35,286,80780.29,59068.53,23160.9,85.71,26.9268,206.53,80.98
2026-02-01,S074,Himaxx Warehouse Outlet,Warehouse Outlet,Local Community Ads,3449.18,40,331,88993.62,65777.59,24112.46,86.23,25.8014,198.72,72.85
2026-02-01,S075,Himaxx Warehouse Outlet,Warehouse Outlet,Local Community Ads,3000.0,27,241,71847.05,46860.32,20199.34,111.11,23.949,194.44,83.81
2026-02-01,S076,Himaxx Warehouse Outlet,Warehouse Outlet,WeChat,3000.0,15,179,50169.82,38256.98,13958.28,200.0,16.7233,213.73,77.98
2026-03-01,S001,Himaxx Warehouse Outlet,Mall Warehouse,Offline Event,4184.65,52,427,114893.03,78780.61,30812.05,80.47,27.4559,184.5,72.16
2026-03-01,S002,Himaxx Warehouse Outlet,Shopping Center Warehouse,Offline Event,3000.0,32,255,69896.91,52983.91,20906.29,93.75,23.299,207.78,81.99
2026-03-01,S003,Himaxx Warehouse Outlet,Warehouse Outlet,WeChat,3000.0,17,169,45181.72,33497.62,12592.31,176.47,15.0606,198.21,74.51
2026-03-01,S004,Himaxx Warehouse Outlet,Pop-up Clearance Warehouse,Member Coupon,3772.67,22,229,49050.16,36281.99,9674.63,171.49,13.0014,158.44,42.25
2026-03-01,S005,Himaxx Warehouse Outlet,Shopping Center Warehouse,Search Ads,3000.0,30,243,69921.38,50231.16,19700.0,100.0,23.3071,206.71,81.07
2026-03-01,S006,Himaxx Warehouse Outlet,Warehouse Outlet,Local Community Ads,3000.0,27,209,51366.48,40996.39,16429.28,111.11,17.1222,196.15,78.61
2026-03-01,S007,Himaxx Warehouse Outlet,Mall Warehouse,Mall Promotion,3000.0,32,274,70661.6,52991.9,20605.34,93.75,23.5539,193.4,75.2
2026-03-01,S008,Himaxx Warehouse Outlet,Mall Warehouse,Mall Promotion,5302.04,44,323,93990.08,65268.72,27111.78,120.5,17.7271,202.07,83.94
2026-03-01,S009,Himaxx Warehouse Outlet,Mall Warehouse,Offline Event,4695.42,34,302,79737.43,58699.6,22282.07,138.1,16.9819,194.37,73.78
2026-03-01,S010,Himaxx Warehouse Outlet,Community Warehouse,Offline Event,3800.33,31,299,95646.74,73674.63,29669.91,122.59,25.168,246.4,99.23
2026-03-01,S011,Himaxx Warehouse Outlet,Community Warehouse,Offline Event,3000.0,27,222,59518.3,43608.13,16342.48,111.11,19.8394,196.43,73.61
2026-03-01,S012,Himaxx Warehouse Outlet,Warehouse Outlet,WeChat,3000.0,50,406,106798.61,74970.7,27880.54,60.0,35.5995,184.66,68.67
2026-03-01,S013,Himaxx Warehouse Outlet,Community Warehouse,Offline Event,3000.0,41,396,118352.11,88073.33,34916.59,73.17,39.4507,222.41,88.17
2026-03-01,S014,Himaxx Warehouse Outlet,Shopping Center Warehouse,Search Ads,4007.18,28,226,67766.2,49891.76,20627.09,143.11,16.9112,220.76,91.27
2026-03-01,S015,Himaxx Warehouse Outlet,Mall Warehouse,Offline Event,3000.0,37,273,70552.84,50164.25,18779.26,81.08,23.5176,183.75,68.79
2026-03-01,S016,Himaxx Warehouse Outlet,Shopping Center Warehouse,Offline Event,5381.95,51,407,107392.79,78943.34,32920.24,105.53,19.9542,193.96,80.89
2026-03-01,S017,Himaxx Warehouse Outlet,Shopping Center Warehouse,WeChat,3004.11,29,258,63310.09,48107.92,19250.93,103.59,21.0745,186.46,74.62
2026-03-01,S018,Himaxx Warehouse Outlet,Mall Warehouse,Mall Promotion,3000.0,39,306,76378.01,55719.85,20961.58,76.92,25.4593,182.09,68.5
2026-03-01,S019,Himaxx Warehouse Outlet,Shopping Center Warehouse,Search Ads,3000.0,23,187,47872.5,37420.9,16241.48,130.43,15.9575,200.11,86.85
2026-03-01,S020,Himaxx Warehouse Outlet,Warehouse Outlet,Local Community Ads,5477.52,39,337,112115.57,85465.77,32393.59,140.45,20.4683,253.61,96.12
2026-03-01,S021,Himaxx Warehouse Outlet,Pop-up Clearance Warehouse,Xiaohongshu,4219.26,47,358,83912.99,59165.79,16069.81,89.77,19.8881,165.27,44.89
2026-03-01,S022,Himaxx Warehouse Outlet,Mall Warehouse,WeChat,3092.6,25,209,59658.47,44899.16,16669.63,123.7,19.2907,214.83,79.76
2026-03-01,S023,Himaxx Warehouse Outlet,Mall Warehouse,WeChat,3000.0,39,341,93931.61,67730.06,26399.51,76.92,31.3105,198.62,77.42
2026-03-01,S024,Himaxx Warehouse Outlet,Mall Warehouse,Mall Promotion,3000.0,22,154,36634.57,27561.19,10014.99,136.36,12.2115,178.97,65.03
2026-03-01,S025,Himaxx Warehouse Outlet,Shopping Center Warehouse,Search Ads,3000.0,32,279,73063.08,54872.44,23400.54,93.75,24.3544,196.68,83.87
2026-03-01,S026,Himaxx Warehouse Outlet,Shopping Center Warehouse,WeChat,4471.27,46,389,113336.75,77987.04,33217.21,97.2,25.3478,200.48,85.39
2026-03-01,S027,Himaxx Warehouse Outlet,Shopping Center Warehouse,Search Ads,3000.0,8,109,32911.38,23444.52,10705.92,375.0,10.9705,215.09,98.22
2026-03-01,S028,Himaxx Warehouse Outlet,Warehouse Outlet,Local Community Ads,3000.0,22,182,42480.75,27923.66,10487.37,136.36,14.1602,153.43,57.62
2026-03-01,S029,Himaxx Warehouse Outlet,Warehouse Outlet,Member Coupon,3000.0,27,250,68211.95,51301.13,19037.24,111.11,22.7373,205.2,76.15
2026-03-01,S030,Himaxx Warehouse Outlet,Warehouse Outlet,Member Coupon,3000.0,25,235,63162.34,45214.65,16312.97,120.0,21.0541,192.4,69.42
2026-03-01,S031,Himaxx Warehouse Outlet,Warehouse Outlet,Local Community Ads,3000.0,26,208,57866.58,37844.47,15586.94,115.38,19.2889,181.94,74.94
2026-03-01,S032,Himaxx Warehouse Outlet,Mall Warehouse,Offline Event,3000.0,29,241,62407.02,44937.2,18034.54,103.45,20.8023,186.46,74.83
2026-03-01,S033,Himaxx Warehouse Outlet,Mall Warehouse,Offline Event,3498.48,31,232,68094.21,46698.4,20255.85,112.85,19.4639,201.29,87.31
2026-03-01,S034,Himaxx Warehouse Outlet,Warehouse Outlet,Local Community Ads,3000.0,48,375,99580.11,73355.58,26679.94,62.5,33.1934,195.61,71.15
2026-03-01,S035,Himaxx Warehouse Outlet,Pop-up Clearance Warehouse,Xiaohongshu,3149.1,21,198,42583.27,29538.3,8287.72,149.96,13.5224,149.18,41.86
2026-03-01,S036,Himaxx Warehouse Outlet,Warehouse Outlet,WeChat,3000.0,33,267,64324.2,45084.37,18258.92,90.91,21.4414,168.86,68.39
2026-03-01,S037,Himaxx Warehouse Outlet,Warehouse Outlet,Local Community Ads,3000.0,21,195,47473.01,34078.05,14024.45,142.86,15.8243,174.76,71.92
2026-03-01,S038,Himaxx Warehouse Outlet,Warehouse Outlet,Member Coupon,4758.79,42,347,100873.49,70673.2,29161.99,113.3,21.1973,203.67,84.04
2026-03-01,S039,Himaxx Warehouse Outlet,Pop-up Clearance Warehouse,Xiaohongshu,3000.0,33,292,68805.57,47997.41,15605.6,90.91,22.9352,164.37,53.44
2026-03-01,S040,Himaxx Warehouse Outlet,Warehouse Outlet,Member Coupon,4814.38,48,406,102075.24,73929.01,29591.62,100.3,21.2021,182.09,72.89
2026-03-01,S041,Himaxx Warehouse Outlet,Shopping Center Warehouse,Offline Event,3000.0,15,153,36940.55,24021.45,9296.24,200.0,12.3135,157.0,60.76
2026-03-01,S042,Himaxx Warehouse Outlet,Community Warehouse,Offline Event,4804.44,38,338,91902.25,67823.26,28112.02,126.43,19.1286,200.66,83.17
2026-03-01,S043,Himaxx Warehouse Outlet,Warehouse Outlet,Local Community Ads,3941.53,31,294,81605.66,53738.08,21553.8,127.15,20.7041,182.78,73.31
2026-03-01,S044,Himaxx Warehouse Outlet,Community Warehouse,Search Ads,4254.13,38,302,78153.53,54964.22,21605.87,111.95,18.3712,182.0,71.54
2026-03-01,S045,Himaxx Warehouse Outlet,Warehouse Outlet,Member Coupon,3000.0,33,286,78215.88,51551.12,21008.76,90.91,26.072,180.25,73.46
2026-03-01,S046,Himaxx Warehouse Outlet,Shopping Center Warehouse,WeChat,4175.45,42,330,87204.73,68867.35,27217.99,99.42,20.8851,208.69,82.48
2026-03-01,S047,Himaxx Warehouse Outlet,Warehouse Outlet,WeChat,3485.72,33,272,80260.91,59160.47,22524.54,105.63,23.0257,217.5,82.81
2026-03-01,S048,Himaxx Warehouse Outlet,Mall Warehouse,Offline Event,3000.0,36,264,65170.44,47504.39,17280.94,83.33,21.7235,179.94,65.46
2026-03-01,S049,Himaxx Warehouse Outlet,Warehouse Outlet,WeChat,3161.39,46,365,92251.61,70046.64,26476.03,68.73,29.1807,191.91,72.54
2026-03-01,S050,Himaxx Warehouse Outlet,Community Warehouse,Search Ads,3000.0,25,209,60534.78,43594.74,17174.61,120.0,20.1783,208.59,82.18
2026-03-01,S051,Himaxx Warehouse Outlet,Shopping Center Warehouse,WeChat,3000.0,37,275,78640.02,58491.19,25510.93,81.08,26.2133,212.7,92.77
2026-03-01,S052,Himaxx Warehouse Outlet,Shopping Center Warehouse,WeChat,4199.18,28,254,71222.27,48045.81,21330.46,149.97,16.961,189.16,83.98
2026-03-01,S053,Himaxx Warehouse Outlet,Warehouse Outlet,Local Community Ads,3000.0,46,354,91622.58,66827.44,25438.57,65.22,30.5409,188.78,71.86
2026-03-01,S054,Himaxx Warehouse Outlet,Community Warehouse,Search Ads,3000.0,50,368,101388.22,75120.2,29800.02,60.0,33.7961,204.13,80.98
2026-03-01,S055,Himaxx Warehouse Outlet,Mall Warehouse,WeChat,3000.0,43,370,100736.29,72881.94,29336.54,69.77,33.5788,196.98,79.29
2026-03-01,S056,Himaxx Warehouse Outlet,Warehouse Outlet,WeChat,3000.0,47,347,91820.58,65832.83,24538.47,63.83,30.6069,189.72,70.72
2026-03-01,S057,Himaxx Warehouse Outlet,Warehouse Outlet,Member Coupon,3000.0,30,235,57724.26,36632.45,14702.63,100.0,19.2414,155.88,62.56
2026-03-01,S058,Himaxx Warehouse Outlet,Shopping Center Warehouse,Search Ads,3000.0,23,204,59511.84,41847.66,17786.17,130.43,19.8373,205.14,87.19
2026-03-01,S059,Himaxx Warehouse Outlet,Mall Warehouse,WeChat,3000.0,18,155,47515.37,38781.77,14613.92,166.67,15.8385,250.2,94.28
2026-03-01,S060,Himaxx Warehouse Outlet,Mall Warehouse,Offline Event,3000.0,40,386,100601.23,73046.38,27466.66,75.0,33.5337,189.24,71.16
2026-03-01,S061,Himaxx Warehouse Outlet,Community Warehouse,WeChat,3000.0,15,124,32538.99,25177.75,9920.24,200.0,10.8463,203.05,80.0
2026-03-01,S062,Himaxx Warehouse Outlet,Community Warehouse,Search Ads,3000.0,32,301,74866.86,55284.73,19999.52,93.75,24.9556,183.67,66.44
2026-03-01,S063,Himaxx Warehouse Outlet,Mall Warehouse,Mall Promotion,3000.0,18,147,36031.24,26296.46,8526.57,166.67,12.0104,178.89,58.0
2026-03-01,S064,Himaxx Warehouse Outlet,Shopping Center Warehouse,Search Ads,5199.42,39,317,92119.57,65875.44,29002.28,133.32,17.7173,207.81,91.49
2026-03-01,S065,Himaxx Warehouse Outlet,Shopping Center Warehouse,Offline Event,3366.58,29,291,86703.92,59030.01,26603.78,116.09,25.7543,202.85,91.42
2026-03-01,S066,Himaxx Warehouse Outlet,Shopping Center Warehouse,Search Ads,3000.0,17,178,54301.48,41281.74,16084.65,176.47,18.1005,231.92,90.36
2026-03-01,S067,Himaxx Warehouse Outlet,Shopping Center Warehouse,WeChat,3000.0,28,268,73870.0,59252.33,23179.92,107.14,24.6233,221.09,86.49
2026-03-01,S068,Himaxx Warehouse Outlet,Mall Warehouse,WeChat,3903.04,28,268,74430.44,53203.78,18959.45,139.39,19.0698,198.52,70.74
2026-03-01,S069,Himaxx Warehouse Outlet,Warehouse Outlet,WeChat,3000.0,32,270,72534.91,55185.22,21025.92,93.75,24.1783,204.39,77.87
2026-03-01,S070,Himaxx Warehouse Outlet,Shopping Center Warehouse,Search Ads,3000.0,16,145,41465.05,29233.89,13042.44,187.5,13.8217,201.61,89.95
2026-03-01,S071,Himaxx Warehouse Outlet,Warehouse Outlet,Member Coupon,3062.56,38,332,96179.58,69307.95,26592.79,80.59,31.4049,208.76,80.1
2026-03-01,S072,Himaxx Warehouse Outlet,Community Warehouse,Search Ads,3000.0,24,189,46207.82,32268.92,12924.6,125.0,15.4026,170.74,68.38
2026-03-01,S073,Himaxx Warehouse Outlet,Mall Warehouse,Mall Promotion,3379.56,36,302,86354.36,63357.56,26759.95,93.88,25.552,209.79,88.61
2026-03-01,S074,Himaxx Warehouse Outlet,Warehouse Outlet,Member Coupon,3307.74,46,385,110037.81,81544.01,30862.71,71.91,33.2667,211.8,80.16
2026-03-01,S075,Himaxx Warehouse Outlet,Warehouse Outlet,WeChat,3000.0,28,263,79891.45,58880.98,21899.37,107.14,26.6305,223.88,83.27
2026-03-01,S076,Himaxx Warehouse Outlet,Warehouse Outlet,WeChat,3000.0,21,191,60550.62,43152.53,16667.73,142.86,20.1835,225.93,87.27
2026-04-01,S001,Himaxx Warehouse Outlet,Mall Warehouse,WeChat,5042.52,55,435,128268.64,85947.04,34901.91,91.68,25.4374,197.58,80.23
2026-04-01,S002,Himaxx Warehouse Outlet,Shopping Center Warehouse,Offline Event,3000.0,30,237,65581.68,45936.37,19491.43,100.0,21.8606,193.82,82.24
2026-04-01,S003,Himaxx Warehouse Outlet,Warehouse Outlet,Local Community Ads,3000.0,24,156,45644.83,35640.24,13769.52,125.0,15.2149,228.46,88.27
2026-04-01,S004,Himaxx Warehouse Outlet,Pop-up Clearance Warehouse,KOL Collaboration,3000.0,33,248,59034.59,43767.67,12533.62,90.91,19.6782,176.48,50.54
2026-04-01,S005,Himaxx Warehouse Outlet,Shopping Center Warehouse,Offline Event,3000.0,24,214,58563.93,41039.18,17002.1,125.0,19.5213,191.77,79.45
2026-04-01,S006,Himaxx Warehouse Outlet,Warehouse Outlet,Local Community Ads,3000.0,22,210,59919.17,44961.59,16090.67,136.36,19.9731,214.1,76.62
2026-04-01,S007,Himaxx Warehouse Outlet,Mall Warehouse,WeChat,3431.54,23,252,72468.67,53529.81,23173.06,149.2,21.1184,212.42,91.96
2026-04-01,S008,Himaxx Warehouse Outlet,Mall Warehouse,Offline Event,3375.03,41,351,93992.96,69800.07,26683.75,82.32,27.8495,198.86,76.02
2026-04-01,S009,Himaxx Warehouse Outlet,Mall Warehouse,Offline Event,3000.0,38,324,98911.92,69215.01,28155.35,78.95,32.9706,213.63,86.9
2026-04-01,S010,Himaxx Warehouse Outlet,Community Warehouse,Offline Event,3000.0,29,309,81936.88,58107.23,22670.66,103.45,27.3123,188.05,73.37
2026-04-01,S011,Himaxx Warehouse Outlet,Community Warehouse,Offline Event,3000.0,23,198,52840.62,35850.33,14986.29,130.43,17.6135,181.06,75.69
2026-04-01,S012,Himaxx Warehouse Outlet,Warehouse Outlet,Member Coupon,4858.19,45,386,104422.59,82498.56,27804.91,107.96,21.4941,213.73,72.03
2026-04-01,S013,Himaxx Warehouse Outlet,Community Warehouse,Search Ads,3294.03,43,358,93558.47,67282.57,27935.13,76.61,28.4024,187.94,78.03
2026-04-01,S014,Himaxx Warehouse Outlet,Shopping Center Warehouse,Search Ads,3000.0,27,229,55131.85,37509.12,16317.88,111.11,18.3773,163.8,71.26
2026-04-01,S015,Himaxx Warehouse Outlet,Mall Warehouse,Offline Event,3954.1,30,255,66104.87,50197.25,18440.11,131.8,16.718,196.85,72.31
2026-04-01,S016,Himaxx Warehouse Outlet,Shopping Center Warehouse,Offline Event,3000.0,44,386,104663.27,70251.54,29971.79,68.18,34.8878,182.0,77.65
2026-04-01,S017,Himaxx Warehouse Outlet,Shopping Center Warehouse,Search Ads,3000.0,30,274,77919.97,57833.55,23385.83,100.0,25.9733,211.07,85.35
2026-04-01,S018,Himaxx Warehouse Outlet,Mall Warehouse,WeChat,3937.89,36,296,80689.22,58317.52,20519.83,109.39,20.4905,197.02,69.32
2026-04-01,S019,Himaxx Warehouse Outlet,Shopping Center Warehouse,Search Ads,3000.0,26,226,63378.56,47959.15,18262.24,115.38,21.1262,212.21,80.81
2026-04-01,S020,Himaxx Warehouse Outlet,Warehouse Outlet,Local Community Ads,3000.0,43,332,91824.85,65986.86,25397.39,69.77,30.6083,198.76,76.5
2026-04-01,S021,Himaxx Warehouse Outlet,Pop-up Clearance Warehouse,KOL Collaboration,5911.53,37,324,74490.43,53316.01,13873.61,159.77,12.6009,164.56,42.82
2026-04-01,S022,Himaxx Warehouse Outlet,Mall Warehouse,WeChat,3000.0,29,199,55502.46,38672.29,15481.56,103.45,18.5008,194.33,77.8
2026-04-01,S023,Himaxx Warehouse Outlet,Mall Warehouse,Offline Event,3000.0,27,259,69693.42,50167.0,19318.07,111.11,23.2311,193.69,74.59
2026-04-01,S024,Himaxx Warehouse Outlet,Mall Warehouse,Offline Event,3000.0,17,145,36880.27,24979.68,9680.53,176.47,12.2934,172.27,66.76
2026-04-01,S025,Himaxx Warehouse Outlet,Shopping Center Warehouse,Search Ads,4287.24,37,285,79725.06,58121.94,23362.4,115.87,18.5959,203.94,81.97
2026-04-01,S026,Himaxx Warehouse Outlet,Shopping Center Warehouse,Offline Event,3126.66,40,364,99639.81,70268.17,27962.57,78.17,31.8678,193.04,76.82
2026-04-01,S027,Himaxx Warehouse Outlet,Shopping Center Warehouse,Offline Event,3000.0,15,118,32392.48,22618.07,10579.11,200.0,10.7975,191.68,89.65
2026-04-01,S028,Himaxx Warehouse Outlet,Warehouse Outlet,Local Community Ads,3000.0,23,190,50186.15,34708.92,13190.75,130.43,16.7287,182.68,69.42
2026-04-01,S029,Himaxx Warehouse Outlet,Warehouse Outlet,WeChat,3214.02,36,291,76937.0,59790.4,21933.93,89.28,23.9379,205.47,75.37
2026-04-01,S030,Himaxx Warehouse Outlet,Warehouse Outlet,WeChat,3000.0,24,208,52200.21,38835.85,14912.92,125.0,17.4001,186.71,71.7
2026-04-01,S031,Himaxx Warehouse Outlet,Warehouse Outlet,Local Community Ads,3000.0,25,201,55603.49,38135.63,13968.34,120.0,18.5345,189.73,69.49
2026-04-01,S032,Himaxx Warehouse Outlet,Mall Warehouse,WeChat,3000.0,26,241,67149.08,48365.23,20814.8,115.38,22.383,200.69,86.37
2026-04-01,S033,Himaxx Warehouse Outlet,Mall Warehouse,Mall Promotion,3078.78,26,217,62938.04,45532.29,18491.19,118.41,20.4425,209.83,85.21
2026-04-01,S034,Himaxx Warehouse Outlet,Warehouse Outlet,Local Community Ads,3000.0,48,384,111516.54,79454.3,34107.49,62.5,37.1722,206.91,88.82
2026-04-01,S035,Himaxx Warehouse Outlet,Pop-up Clearance Warehouse,Member Coupon,3000.0,28,204,44998.85,32261.48,9910.02,107.14,14.9996,158.14,48.58
2026-04-01,S036,Himaxx Warehouse Outlet,Warehouse Outlet,Local Community Ads,3000.0,28,242,62337.15,43550.42,17414.64,107.14,20.7791,179.96,71.96
2026-04-01,S037,Himaxx Warehouse Outlet,Warehouse Outlet,Local Community Ads,3000.0,18,215,60148.13,46811.77,16620.3,166.67,20.0494,217.73,77.3
2026-04-01,S038,Himaxx Warehouse Outlet,Warehouse Outlet,WeChat,3000.0,41,341,96129.4,70664.79,25662.23,73.17,32.0431,207.23,75.26
2026-04-01,S039,Himaxx Warehouse Outlet,Pop-up Clearance Warehouse,KOL Collaboration,4589.64,41,302,71093.87,50217.13,13960.15,111.94,15.4901,166.28,46.23
2026-04-01,S040,Himaxx Warehouse Outlet,Warehouse Outlet,WeChat,4795.98,47,377,99216.34,76764.46,28661.12,102.04,20.6874,203.62,76.02
2026-04-01,S041,Himaxx Warehouse Outlet,Shopping Center Warehouse,Offline Event,3000.0,22,155,49313.78,38890.56,16142.99,136.36,16.4379,250.91,104.15
2026-04-01,S042,Himaxx Warehouse Outlet,Community Warehouse,Search Ads,4694.92,39,332,83928.56,61238.36,22862.03,120.38,17.8765,184.45,68.86
2026-04-01,S043,Himaxx Warehouse Outlet,Warehouse Outlet,Member Coupon,3000.0,31,297,80489.92,54869.86,21827.83,96.77,26.83,184.75,73.49
2026-04-01,S044,Himaxx Warehouse Outlet,Community Warehouse,Search Ads,3912.31,36,329,79454.0,56329.04,23459.43,108.68,20.3087,171.21,71.31
2026-04-01,S045,Himaxx Warehouse Outlet,Warehouse Outlet,Local Community Ads,3000.0,30,245,76062.99,53298.18,19807.88,100.0,25.3543,217.54,80.85
2026-04-01,S046,Himaxx Warehouse Outlet,Shopping Center Warehouse,Search Ads,5274.63,38,330,90957.55,67606.78,26899.93,138.81,17.2443,204.87,81.51
2026-04-01,S047,Himaxx Warehouse Outlet,Warehouse Outlet,Member Coupon,3000.0,32,299,82669.94,59796.0,23714.75,93.75,27.5566,199.99,79.31
2026-04-01,S048,Himaxx Warehouse Outlet,Mall Warehouse,WeChat,3787.75,28,257,68328.61,47682.75,18789.65,135.28,18.0394,185.54,73.11
2026-04-01,S049,Himaxx Warehouse Outlet,Warehouse Outlet,Local Community Ads,4020.47,45,347,98102.5,72553.1,27682.96,89.34,24.4008,209.09,79.78
2026-04-01,S050,Himaxx Warehouse Outlet,Community Warehouse,Search Ads,3000.0,22,185,46526.42,34146.0,13355.4,136.36,15.5088,184.57,72.19
2026-04-01,S051,Himaxx Warehouse Outlet,Shopping Center Warehouse,WeChat,3000.0,36,272,73575.27,54418.77,22594.72,83.33,24.5251,200.07,83.07
2026-04-01,S052,Himaxx Warehouse Outlet,Shopping Center Warehouse,WeChat,3000.0,27,241,69780.53,48697.41,19545.56,111.11,23.2602,202.06,81.1
2026-04-01,S053,Himaxx Warehouse Outlet,Warehouse Outlet,WeChat,3000.0,45,364,96553.05,65224.97,24408.89,66.67,32.1844,179.19,67.06
2026-04-01,S054,Himaxx Warehouse Outlet,Community Warehouse,Search Ads,3000.0,38,302,77894.35,57635.43,21457.74,78.95,25.9648,190.85,71.05
2026-04-01,S055,Himaxx Warehouse Outlet,Mall Warehouse,Mall Promotion,5429.74,42,386,113768.41,85919.46,34606.73,129.28,20.9528,222.59,89.65
2026-04-01,S056,Himaxx Warehouse Outlet,Warehouse Outlet,Local Community Ads,3000.0,39,334,104949.7,77390.45,30221.72,76.92,34.9832,231.71,90.48
2026-04-01,S057,Himaxx Warehouse Outlet,Warehouse Outlet,Member Coupon,3000.0,27,269,70989.32,50885.46,20292.8,111.11,23.6631,189.17,75.44
2026-04-01,S058,Himaxx Warehouse Outlet,Shopping Center Warehouse,Offline Event,3000.0,21,181,50834.41,33550.38,15109.25,142.86,16.9448,185.36,83.48
2026-04-01,S059,Himaxx Warehouse Outlet,Mall Warehouse,Offline Event,3000.0,19,161,42880.26,31751.52,13316.23,157.89,14.2934,197.21,82.71
2026-04-01,S060,Himaxx Warehouse Outlet,Mall Warehouse,Offline Event,3000.0,36,347,91853.75,69962.28,27676.78,83.33,30.6179,201.62,79.76
2026-04-01,S061,Himaxx Warehouse Outlet,Community Warehouse,WeChat,3000.0,18,168,49312.38,36744.69,13649.38,166.67,16.4375,218.72,81.25
2026-04-01,S062,Himaxx Warehouse Outlet,Community Warehouse,Search Ads,3312.87,35,254,73593.11,56220.35,21850.65,94.65,22.2143,221.34,86.03
2026-04-01,S063,Himaxx Warehouse Outlet,Mall Warehouse,Offline Event,3000.0,16,116,28167.82,21586.52,7631.21,187.5,9.3893,186.09,65.79
2026-04-01,S064,Himaxx Warehouse Outlet,Shopping Center Warehouse,Search Ads,3602.12,42,347,91159.52,65796.69,28005.44,85.76,25.3072,189.62,80.71
2026-04-01,S065,Himaxx Warehouse Outlet,Shopping Center Warehouse,WeChat,4745.41,29,270,81477.81,60376.7,24002.1,163.63,17.1698,223.62,88.9
2026-04-01,S066,Himaxx Warehouse Outlet,Shopping Center Warehouse,Search Ads,3000.0,28,169,50663.25,36572.75,15419.31,107.14,16.8878,216.41,91.24
2026-04-01,S067,Himaxx Warehouse Outlet,Shopping Center Warehouse,Search Ads,4044.81,29,264,76978.53,58327.87,23890.06,139.48,19.0314,220.94,90.49
2026-04-01,S068,Himaxx Warehouse Outlet,Mall Warehouse,WeChat,3000.0,30,247,68510.93,48808.14,19448.19,100.0,22.837,197.6,78.74
2026-04-01,S069,Himaxx Warehouse Outlet,Warehouse Outlet,Local Community Ads,3000.0,30,250,65100.23,46272.99,17714.06,100.0,21.7001,185.09,70.86
2026-04-01,S070,Himaxx Warehouse Outlet,Shopping Center Warehouse,Search Ads,3000.0,16,149,42034.28,29204.63,11903.5,187.5,14.0114,196.0,79.89
2026-04-01,S071,Himaxx Warehouse Outlet,Warehouse Outlet,Member Coupon,3000.0,32,239,59741.12,44022.96,17900.5,93.75,19.9137,184.2,74.9
2026-04-01,S072,Himaxx Warehouse Outlet,Community Warehouse,Search Ads,3000.0,23,168,55823.07,36280.4,15855.87,130.43,18.6077,215.95,94.38
2026-04-01,S073,Himaxx Warehouse Outlet,Mall Warehouse,Offline Event,3304.0,41,329,92963.74,70881.94,25660.49,80.59,28.1367,215.45,78.0
2026-04-01,S074,Himaxx Warehouse Outlet,Warehouse Outlet,WeChat,3978.23,43,377,101293.51,73536.3,26826.78,92.52,25.462,195.06,71.16
2026-04-01,S075,Himaxx Warehouse Outlet,Warehouse Outlet,Local Community Ads,3000.0,23,240,66738.04,45901.4,17887.52,130.43,22.246,191.26,74.53
2026-04-01,S076,Himaxx Warehouse Outlet,Warehouse Outlet,Member Coupon,3000.0,19,165,45389.09,31946.43,12592.97,157.89,15.1297,193.61,76.32
