month,store_id,channel,store_format,region,city,target_gmv,target_recognized_revenue,target_gross_profit,target_gross_margin_pct,target_store_cm,target_traffic,target_order_cvr,target_upt,target_aur,target_gmroi
2026-01-01,S001,Himaxx Warehouse Outlet,Mall Warehouse,North China,Beijing,102008.01,83458.04,37700.14,0.4517,15571.44,9412,0.0513,1.4458,193.74,3.69
2026-01-01,S002,Himaxx Warehouse Outlet,Shopping Center Warehouse,East China,Nanjing,83082.88,63083.31,28341.13,0.4493,5418.83,7701,0.0361,1.7033,192.44,3.94
2026-01-01,S003,Himaxx Warehouse Outlet,Warehouse Outlet,South China,Shenzhen,47048.96,29382.19,10112.7,0.3442,2947.11,6226,0.025,1.4788,161.13,3.34
2026-01-01,S004,Himaxx Warehouse Outlet,Pop-up Clearance Warehouse,South China,Xiamen,48661.18,36794.51,11007.02,0.2991,3578.27,7829,0.0384,1.4069,125.01,4.11
2026-01-01,S005,Himaxx Warehouse Outlet,Shopping Center Warehouse,Central China,Changsha,66963.09,44396.8,18713.7,0.4215,2744.57,6481,0.0296,1.6341,150.89,2.8
2026-01-01,S006,Himaxx Warehouse Outlet,Warehouse Outlet,North China,Qingdao,54440.69,40302.65,14401.79,0.3573,3076.76,8783,0.025,1.5381,177.16,2.06
2026-01-01,S007,Himaxx Warehouse Outlet,Mall Warehouse,Central China,Wuhan,94304.83,71335.68,30961.85,0.434,6479.3,8439,0.041,1.823,165.87,2.68
2026-01-01,S008,Himaxx Warehouse Outlet,Mall Warehouse,Central China,Changsha,109312.22,83552.84,36148.33,0.4326,15096.15,8310,0.0432,1.6008,191.79,1.99
2026-01-01,S009,Himaxx Warehouse Outlet,Mall Warehouse,Central China,Changsha,84968.84,69420.71,30477.43,0.439,7953.68,9212,0.0335,1.6038,168.46,2.13
2026-01-01,S010,Himaxx Warehouse Outlet,Community Warehouse,Central China,Changsha,90704.24,61555.71,25278.41,0.4107,6197.97,8996,0.0324,1.5691,186.12,1.97
2026-01-01,S011,Himaxx Warehouse Outlet,Community Warehouse,West China,Chengdu,57580.52,42275.37,16513.1,0.3906,3144.08,6818,0.025,1.7968,191.04,2.37
2026-01-01,S012,Himaxx Warehouse Outlet,Warehouse Outlet,North China,Beijing,125652.62,82806.5,31883.36,0.385,10465.03,8886,0.0595,1.7937,164.77,3.39
2026-01-01,S013,Himaxx Warehouse Outlet,Community Warehouse,South China,Shenzhen,119315.04,94685.99,35750.71,0.3776,15157.49,7241,0.0512,1.7648,178.54,3.99
2026-01-01,S014,Himaxx Warehouse Outlet,Shopping Center Warehouse,North China,Tianjin,78324.22,58286.53,23233.96,0.3986,4337.3,8002,0.0309,1.8836,182.66,1.89
2026-01-01,S015,Himaxx Warehouse Outlet,Mall Warehouse,East China,Hangzhou,68219.62,55755.42,20092.2,0.3604,7194.18,7518,0.0294,1.6607,194.8,3.46
2026-01-01,S016,Himaxx Warehouse Outlet,Shopping Center Warehouse,West China,Chengdu,102018.79,81695.6,33247.28,0.407,9757.83,8069,0.0566,1.5475,169.69,2.94
2026-01-01,S017,Himaxx Warehouse Outlet,Shopping Center Warehouse,East China,Hangzhou,60822.04,51958.49,22655.41,0.436,5132.32,7710,0.0321,1.6495,182.49,4.11
2026-01-01,S018,Himaxx Warehouse Outlet,Mall Warehouse,West China,Xi'an,98238.01,78898.41,28902.92,0.3663,7160.49,9023,0.0409,1.5186,177.99,2.7
2026-01-01,S019,Himaxx Warehouse Outlet,Shopping Center Warehouse,North China,Qingdao,70813.36,49998.89,19680.37,0.3936,6874.03,7062,0.0323,1.7186,188.01,4.18
2026-01-01,S020,Himaxx Warehouse Outlet,Warehouse Outlet,East China,Shanghai,107678.18,75822.53,33458.33,0.4413,13653.66,9276,0.0417,1.5627,172.3,3.98
2026-01-01,S021,Himaxx Warehouse Outlet,Pop-up Clearance Warehouse,Central China,Changsha,72343.85,63508.57,16337.36,0.2572,6192.49,7404,0.0461,1.8065,145.1,4.46
2026-01-01,S022,Himaxx Warehouse Outlet,Mall Warehouse,South China,Xiamen,52441.85,34294.35,14038.78,0.4094,2354.59,8304,0.0291,1.4846,165.64,1.94
2026-01-01,S023,Himaxx Warehouse Outlet,Mall Warehouse,Central China,Changsha,98666.24,70975.65,27139.75,0.3824,5430.97,7412,0.0386,1.6661,193.09,2.25
2026-01-01,S024,Himaxx Warehouse Outlet,Mall Warehouse,West China,Chongqing,47973.81,31426.02,13581.03,0.4322,1637.07,6552,0.025,1.5589,175.93,1.81
2026-01-01,S025,Himaxx Warehouse Outlet,Shopping Center Warehouse,East China,Hangzhou,85733.41,59917.1,24406.36,0.4073,5008.61,7690,0.0391,1.6434,207.14,1.76
2026-01-01,S026,Himaxx Warehouse Outlet,Shopping Center Warehouse,North China,Beijing,107225.36,81194.31,35555.54,0.4379,14750.88,9182,0.0485,1.6975,190.0,3.51
2026-01-01,S027,Himaxx Warehouse Outlet,Shopping Center Warehouse,West China,Chengdu,41078.92,21653.68,8653.47,0.3996,1962.54,7518,0.025,1.4283,181.79,4.08
2026-01-01,S028,Himaxx Warehouse Outlet,Warehouse Outlet,West China,Chongqing,61518.79,41938.52,15222.4,0.363,2943.55,8857,0.0251,1.6625,159.39,2.87
2026-01-01,S029,Himaxx Warehouse Outlet,Warehouse Outlet,East China,Suzhou,73774.87,47681.92,21498.19,0.4509,5475.47,7963,0.0356,1.8792,166.92,2.42
2026-01-01,S030,Himaxx Warehouse Outlet,Warehouse Outlet,North China,Beijing,70144.02,50458.54,19432.83,0.3851,5676.23,7300,0.0308,1.6881,173.77,1.57
2026-01-01,S031,Himaxx Warehouse Outlet,Warehouse Outlet,West China,Xi'an,53599.95,38641.34,14162.19,0.3665,2883.96,7077,0.0311,1.7176,160.67,3.14
2026-01-01,S032,Himaxx Warehouse Outlet,Mall Warehouse,Central China,Wuhan,76604.4,64337.45,26164.43,0.4067,9695.08,9004,0.0339,1.8328,194.77,1.73
2026-01-01,S033,Himaxx Warehouse Outlet,Mall Warehouse,West China,Chongqing,68129.99,39474.98,16343.18,0.414,2078.63,7339,0.0323,1.6207,187.56,3.04
2026-01-01,S034,Himaxx Warehouse Outlet,Warehouse Outlet,South China,Shenzhen,117579.28,87015.67,35816.74,0.4116,11814.53,8653,0.0479,1.6245,190.65,3.65
2026-01-01,S035,Himaxx Warehouse Outlet,Pop-up Clearance Warehouse,West China,Chongqing,62698.65,41354.61,11127.28,0.2691,1342.28,8831,0.0317,1.8371,133.18,4.49
2026-01-01,S036,Himaxx Warehouse Outlet,Warehouse Outlet,East China,Nanjing,76186.13,55298.32,22673.7,0.41,6514.12,8039,0.0344,1.7203,186.72,3.17
2026-01-01,S037,Himaxx Warehouse Outlet,Warehouse Outlet,South China,Shenzhen,57659.55,46015.13,18000.35,0.3912,2861.95,7090,0.031,1.5627,166.34,4.4
2026-01-01,S038,Himaxx Warehouse Outlet,Warehouse Outlet,North China,Qingdao,114150.11,78453.37,30554.94,0.3895,7321.16,8481,0.0402,1.663,163.84,4.01
2026-01-01,S039,Himaxx Warehouse Outlet,Pop-up Clearance Warehouse,South China,Shenzhen,69547.03,62308.27,17653.11,0.2833,3634.5,8696,0.0351,1.5085,155.65,4.15
2026-01-01,S040,Himaxx Warehouse Outlet,Warehouse Outlet,South China,Xiamen,109011.33,83549.75,32567.39,0.3898,9139.68,8728,0.0484,1.6612,157.42,2.84
2026-01-01,S041,Himaxx Warehouse Outlet,Shopping Center Warehouse,East China,Shanghai,40543.04,29653.44,10692.81,0.3606,1231.32,6947,0.025,1.4117,163.58,2.5
2026-01-01,S042,Himaxx Warehouse Outlet,Community Warehouse,East China,Shanghai,102323.85,76592.09,26916.88,0.3514,8770.7,8688,0.0514,1.722,177.62,4.19
2026-01-01,S043,Himaxx Warehouse Outlet,Warehouse Outlet,East China,Hangzhou,104314.19,78215.56,30299.06,0.3874,10971.21,9164,0.0429,1.8522,165.79,1.73
2026-01-01,S044,Himaxx Warehouse Outlet,Community Warehouse,Central China,Changsha,100380.42,71769.16,27052.94,0.3769,14692.35,8292,0.0461,1.682,157.59,3.34
2026-01-01,S045,Himaxx Warehouse Outlet,Warehouse Outlet,North China,Beijing,85361.97,62694.06,23573.55,0.376,7353.4,7420,0.0394,1.6195,175.85,1.67
2026-01-01,S046,Himaxx Warehouse Outlet,Shopping Center Warehouse,East China,Shanghai,111199.84,96423.2,40398.48,0.419,10704.38,8640,0.0473,1.6328,175.51,1.66
2026-01-01,S047,Himaxx Warehouse Outlet,Warehouse Outlet,South China,Xiamen,78343.9,51311.52,21607.95,0.4211,3557.94,7058,0.0395,1.562,172.5,3.71
2026-01-01,S048,Himaxx Warehouse Outlet,Mall Warehouse,West China,Chongqing,71561.68,49211.81,18758.07,0.3812,7863.88,7168,0.0328,1.6632,187.03,1.92
2026-01-01,S049,Himaxx Warehouse Outlet,Warehouse Outlet,South China,Shenzhen,98830.89,85394.47,37433.99,0.4384,17626.19,9001,0.0555,1.762,164.22,4.41
2026-01-01,S050,Himaxx Warehouse Outlet,Community Warehouse,East China,Suzhou,57050.55,39637.35,16927.45,0.4271,3552.6,8054,0.0254,1.6456,183.59,3.03
2026-01-01,S051,Himaxx Warehouse Outlet,Shopping Center Warehouse,North China,Qingdao,79329.56,52693.75,21829.0,0.4143,6207.1,7441,0.0421,1.6566,204.18,1.99
2026-01-01,S052,Himaxx Warehouse Outlet,Shopping Center Warehouse,East China,Shanghai,60974.85,43915.15,22116.56,0.5036,5990.34,6860,0.0271,1.8076,197.41,2.51
2026-01-01,S053,Himaxx Warehouse Outlet,Warehouse Outlet,West China,Chongqing,102521.7,80991.18,29987.17,0.3703,6940.95,7352,0.0559,1.6669,183.5,3.46
2026-01-01,S054,Himaxx Warehouse Outlet,Community Warehouse,North China,Tianjin,102229.33,80406.96,33744.11,0.4197,7912.17,7774,0.0428,1.5524,181.32,2.08
2026-01-01,S055,Himaxx Warehouse Outlet,Mall Warehouse,South China,Xiamen,107517.32,69457.84,27987.76,0.4029,7986.5,7078,0.0486,1.7138,173.84,2.34
2026-01-01,S056,Himaxx Warehouse Outlet,Warehouse Outlet,East China,Nanjing,100040.59,92116.08,37157.79,0.4034,17459.69,9225,0.0416,1.7941,180.28,4.08
2026-01-01,S057,Himaxx Warehouse Outlet,Warehouse Outlet,East China,Shanghai,82642.45,59891.71,24596.67,0.4107,6313.33,7136,0.0394,1.5005,198.87,2.6
2026-01-01,S058,Himaxx Warehouse Outlet,Shopping Center Warehouse,South China,Xiamen,72972.53,49459.19,17261.39,0.349,3215.07,6705,0.0282,1.6156,212.41,3.03
2026-01-01,S059,Himaxx Warehouse Outlet,Mall Warehouse,East China,Suzhou,43362.03,33497.39,12964.22,0.387,1908.76,7064,0.025,1.5771,190.48,1.78
2026-01-01,S060,Himaxx Warehouse Outlet,Mall Warehouse,West China,Xi'an,100412.34,74515.04,33089.69,0.4441,9836.83,7303,0.0435,1.4711,183.9,3.89
2026-01-01,S061,Himaxx Warehouse Outlet,Community Warehouse,South China,Xiamen,43183.32,34412.96,13368.28,0.3885,3285.8,7897,0.025,1.6628,195.53,1.7
2026-01-01,S062,Himaxx Warehouse Outlet,Community Warehouse,West China,Xi'an,102977.17,60190.61,23953.53,0.398,7350.01,9817,0.032,1.7972,169.0,3.47
2026-01-01,S063,Himaxx Warehouse Outlet,Mall Warehouse,East China,Nanjing,41134.63,30155.74,12056.2,0.3998,2742.83,7003,0.025,1.6606,189.33,2.63
2026-01-01,S064,Himaxx Warehouse Outlet,Shopping Center Warehouse,South China,Guangzhou,99940.34,94451.78,41818.42,0.4427,11043.32,9068,0.04,1.4918,201.17,4.11
2026-01-01,S065,Himaxx Warehouse Outlet,Shopping Center Warehouse,North China,Tianjin,85090.62,52024.34,19405.48,0.373,5829.63,7859,0.0351,1.7957,189.96,3.17
2026-01-01,S066,Himaxx Warehouse Outlet,Shopping Center Warehouse,North China,Tianjin,42709.13,36205.13,17255.72,0.4766,2151.92,6774,0.025,1.6114,172.38,3.42
2026-01-01,S067,Himaxx Warehouse Outlet,Shopping Center Warehouse,North China,Beijing,97220.72,61765.66,26050.5,0.4218,9301.83,7649,0.0356,1.649,175.75,3.25
2026-01-01,S068,Himaxx Warehouse Outlet,Mall Warehouse,East China,Suzhou,67731.26,56324.69,22263.88,0.3953,8440.67,9652,0.0297,1.6697,179.52,1.62
2026-01-01,S069,Himaxx Warehouse Outlet,Warehouse Outlet,North China,Beijing,84775.2,55866.03,21972.6,0.3933,4211.29,7208,0.039,1.6623,155.44,3.75
2026-01-01,S070,Himaxx Warehouse Outlet,Shopping Center Warehouse,Central China,Changsha,38975.96,25497.38,10327.07,0.405,1385.85,7106,0.025,1.6219,180.47,3.02
2026-01-01,S071,Himaxx Warehouse Outlet,Warehouse Outlet,North China,Qingdao,76303.97,56915.89,21326.97,0.3747,5568.65,8348,0.0323,1.5661,195.94,3.45
2026-01-01,S072,Himaxx Warehouse Outlet,Community Warehouse,Central China,Changsha,47857.82,29707.22,10027.9,0.3376,2524.6,9707,0.025,1.8044,151.58,3.96
2026-01-01,S073,Himaxx Warehouse Outlet,Mall Warehouse,North China,Tianjin,91430.43,59746.9,22960.36,0.3843,8620.22,8544,0.0405,1.6749,161.26,1.85
2026-01-01,S074,Himaxx Warehouse Outlet,Warehouse Outlet,North China,Tianjin,89744.65,81588.61,35253.26,0.4321,9940.45,7131,0.052,1.7894,159.99,1.91
2026-01-01,S075,Himaxx Warehouse Outlet,Warehouse Outlet,South China,Shenzhen,64531.31,49300.18,21101.22,0.428,6683.69,8144,0.0297,1.7092,170.72,3.52
2026-01-01,S076,Himaxx Warehouse Outlet,Warehouse Outlet,East China,Nanjing,52471.81,40686.99,15697.44,0.3858,4933.38,7088,0.0268,1.6891,183.58,3.92
2026-02-01,S001,Himaxx Warehouse Outlet,Mall Warehouse,North China,Beijing,118325.25,74980.72,26546.46,0.354,4699.98,7954,0.0559,1.796,197.55,3.06
2026-02-01,S002,Himaxx Warehouse Outlet,Shopping Center Warehouse,East China,Nanjing,62454.17,46706.17,20576.08,0.4405,4878.32,7376,0.0311,1.6491,170.09,2.65
2026-02-01,S003,Himaxx Warehouse Outlet,Warehouse Outlet,South China,Shenzhen,45099.18,29408.96,12645.77,0.43,3311.62,6204,0.0257,1.567,169.18,4.34
2026-02-01,S004,Himaxx Warehouse Outlet,Pop-up Clearance Warehouse,South China,Xiamen,50223.92,37097.57,11331.09,0.3054,3830.9,5526,0.0347,1.7461,163.58,4.48
2026-02-01,S005,Himaxx Warehouse Outlet,Shopping Center Warehouse,Central China,Changsha,61337.94,40524.52,16895.39,0.4169,3634.92,6965,0.0309,1.7197,177.95,2.2
2026-02-01,S006,Himaxx Warehouse Outlet,Warehouse Outlet,North China,Qingdao,51273.92,37385.68,14338.46,0.3835,3113.65,6254,0.0265,1.5323,165.08,1.66
2026-02-01,S007,Himaxx Warehouse Outlet,Mall Warehouse,Central China,Wuhan,70764.2,44495.06,15689.34,0.3526,5245.5,7222,0.0352,1.515,170.28,3.54
2026-02-01,S008,Himaxx Warehouse Outlet,Mall Warehouse,Central China,Changsha,85735.4,68764.83,26094.94,0.3795,9668.81,8315,0.0534,1.5897,186.24,3.97
2026-02-01,S009,Himaxx Warehouse Outlet,Mall Warehouse,Central China,Changsha,82187.93,63924.87,25029.98,0.3916,7039.39,6664,0.0457,1.4506,187.44,4.22
2026-02-01,S010,Himaxx Warehouse Outlet,Community Warehouse,Central China,Changsha,77487.76,52437.64,22395.22,0.4271,7419.33,6589,0.0321,1.6172,186.45,4.25
2026-02-01,S011,Himaxx Warehouse Outlet,Community Warehouse,West China,Chengdu,69612.72,41744.65,19509.25,0.4673,5119.66,7315,0.0325,1.7884,191.22,1.93
2026-02-01,S012,Himaxx Warehouse Outlet,Warehouse Outlet,North China,Beijing,97409.58,79444.59,26975.94,0.3396,10836.75,8077,0.0473,1.6062,173.03,3.83
2026-02-01,S013,Himaxx Warehouse Outlet,Community Warehouse,South China,Shenzhen,100752.09,70844.57,27542.91,0.3888,8433.79,8970,0.0364,1.6918,192.25,3.12
2026-02-01,S014,Himaxx Warehouse Outlet,Shopping Center Warehouse,North China,Tianjin,59547.44,38475.28,15189.12,0.3948,4067.91,7452,0.0301,1.5418,173.93,1.67
2026-02-01,S015,Himaxx Warehouse Outlet,Mall Warehouse,East China,Hangzhou,66973.27,42377.49,16150.0,0.3811,2740.22,6998,0.0312,1.8054,174.48,3.3
2026-02-01,S016,Himaxx Warehouse Outlet,Shopping Center Warehouse,West China,Chengdu,101627.79,90718.6,38228.14,0.4214,10240.58,6893,0.0531,1.7616,178.52,3.71
2026-02-01,S017,Himaxx Warehouse Outlet,Shopping Center Warehouse,East China,Hangzhou,64441.16,35440.57,14969.47,0.4224,3062.34,6270,0.0304,1.4607,177.16,2.79
2026-02-01,S018,Himaxx Warehouse Outlet,Mall Warehouse,West China,Xi'an,88304.56,70692.29,27440.18,0.3882,11305.95,8297,0.0383,1.7315,162.51,4.48
2026-02-01,S019,Himaxx Warehouse Outlet,Shopping Center Warehouse,North China,Qingdao,49552.42,37415.08,17498.99,0.4677,4624.95,7098,0.0302,1.8816,166.84,3.86
2026-02-01,S020,Himaxx Warehouse Outlet,Warehouse Outlet,East China,Shanghai,109023.09,77738.61,29416.26,0.3784,11139.17,7059,0.0516,1.6781,171.29,3.67
2026-02-01,S021,Himaxx Warehouse Outlet,Pop-up Clearance Warehouse,Central China,Changsha,59750.1,48872.03,14396.48,0.2946,5617.17,6914,0.0447,1.4842,148.88,2.46
2026-02-01,S022,Himaxx Warehouse Outlet,Mall Warehouse,South China,Xiamen,50988.58,30056.01,12230.94,0.4069,2721.33,6572,0.0295,1.658,146.49,3.09
2026-02-01,S023,Himaxx Warehouse Outlet,Mall Warehouse,Central China,Changsha,66444.03,55966.99,26546.53,0.4743,6605.41,7141,0.0356,1.494,192.8,1.64
2026-02-01,S024,Himaxx Warehouse Outlet,Mall Warehouse,West China,Chongqing,53548.86,33230.37,11920.46,0.3587,1922.66,6094,0.025,1.526,180.89,2.77
2026-02-01,S025,Himaxx Warehouse Outlet,Shopping Center Warehouse,East China,Hangzhou,80446.85,53469.18,20174.98,0.3773,4389.23,7661,0.0419,1.5104,165.86,1.84
2026-02-01,S026,Himaxx Warehouse Outlet,Shopping Center Warehouse,North China,Beijing,103064.54,66429.07,28298.17,0.426,8309.68,7004,0.0447,1.618,184.5,3.72
2026-02-01,S027,Himaxx Warehouse Outlet,Shopping Center Warehouse,West China,Chengdu,29189.16,18070.7,7441.99,0.4118,871.99,5712,0.025,1.442,188.67,3.23
2026-02-01,S028,Himaxx Warehouse Outlet,Warehouse Outlet,West China,Chongqing,60245.51,43368.29,16795.29,0.3873,3172.57,6846,0.0265,1.6654,198.48,1.83
2026-02-01,S029,Himaxx Warehouse Outlet,Warehouse Outlet,East China,Suzhou,72806.89,52931.24,21486.12,0.4059,4117.48,6828,0.0291,1.7161,176.15,4.12
2026-02-01,S030,Himaxx Warehouse Outlet,Warehouse Outlet,North China,Beijing,49379.14,33721.48,15047.13,0.4462,2396.07,6558,0.0318,1.6032,164.36,2.07
2026-02-01,S031,Himaxx Warehouse Outlet,Warehouse Outlet,West China,Xi'an,52619.28,35523.45,13053.61,0.3675,3199.61,6952,0.025,1.6645,189.3,4.36
2026-02-01,S032,Himaxx Warehouse Outlet,Mall Warehouse,Central China,Wuhan,84734.98,64778.32,27866.88,0.4302,5412.17,7386,0.0377,1.7964,197.49,2.5
2026-02-01,S033,Himaxx Warehouse Outlet,Mall Warehouse,West China,Chongqing,60921.71,41619.68,15331.38,0.3684,4155.88,8281,0.0259,1.9331,187.9,4.04
2026-02-01,S034,Himaxx Warehouse Outlet,Warehouse Outlet,South China,Shenzhen,91873.19,71389.38,30896.53,0.4328,6949.02,7561,0.0472,1.6878,204.34,3.27
2026-02-01,S035,Himaxx Warehouse Outlet,Pop-up Clearance Warehouse,West China,Chongqing,53124.57,29761.53,8663.21,0.2911,1017.17,6760,0.0261,1.7,155.11,2.57
2026-02-01,S036,Himaxx Warehouse Outlet,Warehouse Outlet,East China,Nanjing,63243.56,59199.0,22568.64,0.3812,4367.82,7132,0.0365,1.4102,180.73,4.3
2026-02-01,S037,Himaxx Warehouse Outlet,Warehouse Outlet,South China,Shenzhen,46088.79,31043.93,12045.13,0.388,1848.74,6963,0.025,1.5314,166.95,2.49
2026-02-01,S038,Himaxx Warehouse Outlet,Warehouse Outlet,North China,Qingdao,87259.86,53080.87,26246.82,0.4945,6013.38,6754,0.0408,1.4101,178.02,3.31
2026-02-01,S039,Himaxx Warehouse Outlet,Pop-up Clearance Warehouse,South China,Shenzhen,63072.69,49983.12,13379.9,0.2677,5226.17,8683,0.0401,1.8015,143.44,3.37
2026-02-01,S040,Himaxx Warehouse Outlet,Warehouse Outlet,South China,Xiamen,81230.83,66242.68,22347.44,0.3374,7092.29,8293,0.0425,1.5617,177.12,3.49
2026-02-01,S041,Himaxx Warehouse Outlet,Shopping Center Warehouse,East China,Shanghai,42106.37,25298.95,10237.46,0.4047,2859.3,5900,0.025,1.6179,155.47,2.39
2026-02-01,S042,Himaxx Warehouse Outlet,Community Warehouse,East China,Shanghai,95821.99,66251.11,22199.34,0.3351,10937.56,8681,0.0394,1.6992,161.46,3.53
2026-02-01,S043,Himaxx Warehouse Outlet,Warehouse Outlet,East China,Hangzhou,64340.55,54611.49,22085.6,0.4044,6700.62,5693,0.0454,1.5687,149.93,1.88
2026-02-01,S044,Himaxx Warehouse Outlet,Community Warehouse,Central China,Changsha,78394.52,59334.45,24265.62,0.409,11652.36,7464,0.0423,1.7967,168.38,4.27
2026-02-01,S045,Himaxx Warehouse Outlet,Warehouse Outlet,North China,Beijing,76581.92,53263.62,20710.54,0.3888,6532.82,6387,0.0324,1.7059,176.65,1.65
2026-02-01,S046,Himaxx Warehouse Outlet,Shopping Center Warehouse,East China,Shanghai,73665.23,51692.07,24015.68,0.4646,4817.6,8255,0.0372,1.481,177.11,4.16
2026-02-01,S047,Himaxx Warehouse Outlet,Warehouse Outlet,South China,Xiamen,81185.15,58186.16,21023.23,0.3613,8213.1,7723,0.0391,1.732,170.14,2.89
2026-02-01,S048,Himaxx Warehouse Outlet,Mall Warehouse,West China,Chongqing,61632.13,33875.45,15149.84,0.4472,3341.03,7900,0.0367,1.6549,157.28,3.89
2026-02-01,S049,Himaxx Warehouse Outlet,Warehouse Outlet,South China,Shenzhen,77806.36,66058.73,26322.39,0.3985,6915.1,6579,0.0508,1.6301,153.79,2.77
2026-02-01,S050,Himaxx Warehouse Outlet,Community Warehouse,East China,Suzhou,52001.35,41519.97,17605.81,0.424,3056.26,5786,0.0332,1.5274,179.51,2.64
2026-02-01,S051,Himaxx Warehouse Outlet,Shopping Center Warehouse,North China,Qingdao,76788.19,59585.97,24627.44,0.4133,8484.85,7454,0.0318,1.7571,187.44,3.84
2026-02-01,S052,Himaxx Warehouse Outlet,Shopping Center Warehouse,East China,Shanghai,62809.66,50484.07,21765.94,0.4311,7562.66,6296,0.0316,1.5969,173.99,2.77
2026-02-01,S053,Himaxx Warehouse Outlet,Warehouse Outlet,West China,Chongqing,104056.3,66110.0,25161.78,0.3806,8920.91,8431,0.0436,1.5369,196.78,2.93
2026-02-01,S054,Himaxx Warehouse Outlet,Community Warehouse,North China,Tianjin,99523.37,77456.56,29808.57,0.3848,13850.74,5951,0.0502,1.7036,179.9,3.67
2026-02-01,S055,Himaxx Warehouse Outlet,Mall Warehouse,South China,Xiamen,84037.87,69542.61,33111.09,0.4761,9284.1,9305,0.0419,1.7241,162.13,3.45
2026-02-01,S056,Himaxx Warehouse Outlet,Warehouse Outlet,East China,Nanjing,69956.57,57000.68,19298.03,0.3386,6831.12,6442,0.0376,1.6779,151.56,4.19
2026-02-01,S057,Himaxx Warehouse Outlet,Warehouse Outlet,East China,Shanghai,70641.48,52323.16,22329.84,0.4268,5884.67,8034,0.0331,1.6735,163.88,2.06
2026-02-01,S058,Himaxx Warehouse Outlet,Shopping Center Warehouse,South China,Xiamen,52274.31,35669.48,16666.25,0.4672,3194.18,5916,0.0275,1.6805,171.98,2.62
2026-02-01,S059,Himaxx Warehouse Outlet,Mall Warehouse,East China,Suzhou,43855.15,28565.47,11407.3,0.3993,2323.89,5739,0.025,1.7595,160.02,2.64
2026-02-01,S060,Himaxx Warehouse Outlet,Mall Warehouse,West China,Xi'an,83085.44,58373.91,26023.87,0.4458,9241.02,8474,0.0427,1.6559,177.65,2.01
2026-02-01,S061,Himaxx Warehouse Outlet,Community Warehouse,South China,Xiamen,39887.3,26476.29,10267.17,0.3878,2247.8,7365,0.025,1.7015,185.3,2.69
2026-02-01,S062,Himaxx Warehouse Outlet,Community Warehouse,West China,Xi'an,86058.36,60933.13,22673.49,0.3721,7852.8,7263,0.0375,1.69,169.18,1.55
2026-02-01,S063,Himaxx Warehouse Outlet,Mall Warehouse,East China,Nanjing,34575.54,21131.11,8027.04,0.3799,1614.13,7046,0.025,1.5059,165.47,3.93
2026-02-01,S064,Himaxx Warehouse Outlet,Shopping Center Warehouse,South China,Guangzhou,95290.06,79939.3,35872.82,0.4488,11394.83,7783,0.0401,1.759,184.66,2.39
2026-02-01,S065,Himaxx Warehouse Outlet,Shopping Center Warehouse,North China,Tianjin,67119.54,47929.51,20597.83,0.4298,7804.58,7690,0.0359,1.7351,191.21,3.28
2026-02-01,S066,Himaxx Warehouse Outlet,Shopping Center Warehouse,North China,Tianjin,44580.52,28833.36,11848.59,0.4109,2764.09,6438,0.025,1.4961,196.69,2.93
2026-02-01,S067,Himaxx Warehouse Outlet,Shopping Center Warehouse,North China,Beijing,84704.22,56431.06,26621.01,0.4717,6538.21,8202,0.0396,1.6659,179.77,2.6
2026-02-01,S068,Himaxx Warehouse Outlet,Mall Warehouse,East China,Suzhou,84821.53,51153.98,21915.0,0.4284,7894.77,7071,0.0342,1.6399,195.92,2.3
2026-02-01,S069,Himaxx Warehouse Outlet,Warehouse Outlet,North China,Beijing,53674.29,37326.38,15888.57,0.4257,5266.3,6842,0.0348,1.7029,157.92,3.03
2026-02-01,S070,Himaxx Warehouse Outlet,Shopping Center Warehouse,Central China,Changsha,36923.74,25131.34,10064.27,0.4005,1112.99,6461,0.025,1.8736,176.4,3.3
2026-02-01,S071,Himaxx Warehouse Outlet,Warehouse Outlet,North China,Qingdao,63821.01,43167.73,16774.9,0.3886,5757.94,8590,0.0356,1.666,191.03,3.92
2026-02-01,S072,Himaxx Warehouse Outlet,Community Warehouse,Central China,Changsha,49332.93,30513.82,12265.91,0.402,2999.67,8126,0.025,1.6694,185.95,3.96
2026-02-01,S073,Himaxx Warehouse Outlet,Mall Warehouse,North China,Tianjin,95063.45,59880.71,21982.02,0.3671,11660.23,7587,0.0426,1.5954,190.64,3.14
2026-02-01,S074,Himaxx Warehouse Outlet,Warehouse Outlet,North China,Tianjin,101052.29,79866.95,30689.94,0.3843,11537.99,6824,0.059,1.6124,166.42,1.54
2026-02-01,S075,Himaxx Warehouse Outlet,Warehouse Outlet,South China,Shenzhen,74287.95,46149.31,19819.33,0.4295,6447.34,7657,0.0376,1.6915,184.99,4.25
2026-02-01,S076,Himaxx Warehouse Outlet,Warehouse Outlet,East China,Nanjing,57812.54,35937.9,13805.42,0.3841,2183.73,7281,0.025,1.7774,159.65,1.88
2026-03-01,S001,Himaxx Warehouse Outlet,Mall Warehouse,North China,Beijing,112349.49,98191.55,41095.86,0.4185,17850.24,8314,0.0601,1.7057,176.15,2.98
2026-03-01,S002,Himaxx Warehouse Outlet,Shopping Center Warehouse,East China,Nanjing,81205.3,61400.3,25964.43,0.4229,5800.52,9545,0.0316,1.5741,174.03,4.18
2026-03-01,S003,Himaxx Warehouse Outlet,Warehouse Outlet,South China,Shenzhen,41634.5,32090.97,11480.24,0.3577,2868.78,8707,0.025,1.7232,161.54,4.4
2026-03-01,S004,Himaxx Warehouse Outlet,Pop-up Clearance Warehouse,South China,Xiamen,54569.16,41589.83,11837.15,0.2846,3603.46,7574,0.0261,1.6453,142.38,4.43
2026-03-01,S005,Himaxx Warehouse Outlet,Shopping Center Warehouse,Central China,Changsha,78803.33,55789.55,23294.28,0.4175,6293.71,7471,0.0305,1.7078,173.69,1.85
2026-03-01,S006,Himaxx Warehouse Outlet,Warehouse Outlet,North China,Qingdao,53899.87,39435.97,15155.38,0.3843,2734.18,6611,0.0304,1.5709,162.69,1.72
2026-03-01,S007,Himaxx Warehouse Outlet,Mall Warehouse,Central China,Wuhan,69824.0,51299.91,20424.36,0.3981,7275.4,7392,0.039,1.5944,161.52,3.13
2026-03-01,S008,Himaxx Warehouse Outlet,Mall Warehouse,Central China,Changsha,95264.32,77456.33,31644.05,0.4085,11079.16,8555,0.0441,1.6321,187.39,4.02
2026-03-01,S009,Himaxx Warehouse Outlet,Mall Warehouse,Central China,Changsha,75225.44,62282.0,23041.74,0.37,6583.85,9193,0.0384,1.7,177.81,2.3
2026-03-01,S010,Himaxx Warehouse Outlet,Community Warehouse,Central China,Changsha,98799.91,74877.01,31286.48,0.4178,7176.47,8848,0.0431,1.6504,197.83,3.84
2026-03-01,S011,Himaxx Warehouse Outlet,Community Warehouse,West China,Chengdu,64322.94,43107.97,17472.33,0.4053,3371.82,8162,0.0261,1.7471,167.1,1.6
2026-03-01,S012,Himaxx Warehouse Outlet,Warehouse Outlet,North China,Beijing,124475.5,83107.83,31140.9,0.3747,9846.83,8530,0.0521,1.6106,186.19,1.77
2026-03-01,S013,Himaxx Warehouse Outlet,Community Warehouse,South China,Shenzhen,112875.53,88773.91,36938.85,0.4161,17341.78,8372,0.0532,1.5168,196.46,4.26
2026-03-01,S014,Himaxx Warehouse Outlet,Shopping Center Warehouse,North China,Tianjin,63745.39,57038.93,25822.26,0.4527,4045.32,8010,0.0296,1.8057,183.48,2.19
2026-03-01,S015,Himaxx Warehouse Outlet,Mall Warehouse,East China,Hangzhou,71591.26,58947.5,23938.75,0.4061,4787.72,6817,0.0455,1.738,161.08,3.34
2026-03-01,S016,Himaxx Warehouse Outlet,Shopping Center Warehouse,West China,Chengdu,102216.55,91734.51,40979.8,0.4467,15878.85,7274,0.0515,1.4727,165.94,2.6
2026-03-01,S017,Himaxx Warehouse Outlet,Shopping Center Warehouse,East China,Hangzhou,71594.64,52795.07,19632.01,0.3719,7505.34,7751,0.0289,1.6528,158.45,3.23
2026-03-01,S018,Himaxx Warehouse Outlet,Mall Warehouse,West China,Xi'an,74208.19,67281.53,24558.77,0.365,9839.37,7932,0.0419,1.3924,161.58,3.74
2026-03-01,S019,Himaxx Warehouse Outlet,Shopping Center Warehouse,North China,Qingdao,50347.74,33781.46,13915.46,0.4119,2598.56,5936,0.0269,1.4618,174.21,3.62
2026-03-01,S020,Himaxx Warehouse Outlet,Warehouse Outlet,East China,Shanghai,105648.09,103915.94,39421.5,0.3794,13277.6,8219,0.0451,1.7241,180.77,4.45
2026-03-01,S021,Himaxx Warehouse Outlet,Pop-up Clearance Warehouse,Central China,Changsha,82618.78,58545.99,17091.38,0.2919,5167.89,7705,0.0477,1.4362,165.79,3.22
2026-03-01,S022,Himaxx Warehouse Outlet,Mall Warehouse,South China,Xiamen,63702.59,39659.0,16184.17,0.4081,5961.8,7511,0.025,1.547,174.41,4.37
2026-03-01,S023,Himaxx Warehouse Outlet,Mall Warehouse,Central China,Changsha,86437.63,67579.48,29326.51,0.434,11292.46,8524,0.0479,1.5561,172.41,2.75
2026-03-01,S024,Himaxx Warehouse Outlet,Mall Warehouse,West China,Chongqing,39462.37,29077.28,10637.77,0.3658,2647.85,8397,0.025,1.581,141.85,3.78
2026-03-01,S025,Himaxx Warehouse Outlet,Shopping Center Warehouse,East China,Hangzhou,85497.95,55480.31,26260.48,0.4733,7628.89,8687,0.034,1.702,154.81,3.22
2026-03-01,S026,Himaxx Warehouse Outlet,Shopping Center Warehouse,North China,Beijing,124018.61,85673.91,38268.32,0.4467,16855.34,8170,0.056,1.4573,192.15,1.58
2026-03-01,S027,Himaxx Warehouse Outlet,Shopping Center Warehouse,West China,Chengdu,31262.28,18771.88,7981.28,0.4252,2318.3,6721,0.025,1.5965,185.71,4.12
2026-03-01,S028,Himaxx Warehouse Outlet,Warehouse Outlet,West China,Chongqing,39905.11,25736.7,10242.2,0.398,2749.22,8174,0.025,1.4464,152.08,3.5
2026-03-01,S029,Himaxx Warehouse Outlet,Warehouse Outlet,East China,Suzhou,76883.53,48678.85,19867.45,0.4081,4270.05,7694,0.0301,1.6748,174.82,2.84
2026-03-01,S030,Himaxx Warehouse Outlet,Warehouse Outlet,North China,Beijing,71660.07,50474.42,20239.18,0.401,5236.04,7540,0.0339,1.5453,159.69,3.94
2026-03-01,S031,Himaxx Warehouse Outlet,Warehouse Outlet,West China,Xi'an,53721.52,40358.04,16217.77,0.4018,2171.63,7762,0.0262,1.8637,156.47,1.91
2026-03-01,S032,Himaxx Warehouse Outlet,Mall Warehouse,Central China,Wuhan,72937.69,52786.93,20926.31,0.3964,5865.81,7957,0.0277,1.7662,149.52,4.34
2026-03-01,S033,Himaxx Warehouse Outlet,Mall Warehouse,West China,Chongqing,74058.29,48764.3,23185.3,0.4755,3948.52,7083,0.0284,1.4586,187.99,2.26
2026-03-01,S034,Himaxx Warehouse Outlet,Warehouse Outlet,South China,Shenzhen,110599.3,90724.39,34760.79,0.3831,8008.34,10006,0.0373,1.4372,177.37,3.52
2026-03-01,S035,Himaxx Warehouse Outlet,Pop-up Clearance Warehouse,West China,Chongqing,40948.14,32770.35,9879.21,0.3015,2169.45,7875,0.0255,1.5703,144.81,3.26
2026-03-01,S036,Himaxx Warehouse Outlet,Warehouse Outlet,East China,Nanjing,66828.4,50874.32,22957.13,0.4513,8485.28,6690,0.0432,1.5626,167.12,4.22
2026-03-01,S037,Himaxx Warehouse Outlet,Warehouse Outlet,South China,Shenzhen,50489.71,36672.72,14245.01,0.3884,2214.64,6453,0.0276,1.5536,164.7,2.68
2026-03-01,S038,Himaxx Warehouse Outlet,Warehouse Outlet,North China,Qingdao,104067.74,80024.13,31453.39,0.393,6248.63,7746,0.044,1.6566,201.29,4.08
2026-03-01,S039,Himaxx Warehouse Outlet,Pop-up Clearance Warehouse,South China,Shenzhen,66854.28,47508.01,14313.86,0.3013,5201.45,7878,0.0385,1.546,145.37,3.68
2026-03-01,S040,Himaxx Warehouse Outlet,Warehouse Outlet,South China,Xiamen,99395.73,90903.7,38050.5,0.4186,17548.9,7652,0.051,1.59,180.17,4.09
2026-03-01,S041,Himaxx Warehouse Outlet,Shopping Center Warehouse,East China,Shanghai,40804.88,24534.31,9168.33,0.3737,1611.37,7965,0.025,1.502,161.21,1.72
2026-03-01,S042,Himaxx Warehouse Outlet,Community Warehouse,East China,Shanghai,94064.45,66016.61,27357.23,0.4144,11307.56,8660,0.0452,1.6688,156.33,4.32
2026-03-01,S043,Himaxx Warehouse Outlet,Warehouse Outlet,East China,Hangzhou,83720.65,59442.02,23652.83,0.3979,6093.08,8133,0.0361,1.5909,191.7,1.65
2026-03-01,S044,Himaxx Warehouse Outlet,Community Warehouse,Central China,Changsha,80741.57,59312.74,22813.51,0.3846,9202.95,8013,0.0409,1.476,167.14,2.3
2026-03-01,S045,Himaxx Warehouse Outlet,Warehouse Outlet,North China,Beijing,80855.23,58497.07,25631.47,0.4382,7420.69,8104,0.0411,1.6205,161.68,4.18
2026-03-01,S046,Himaxx Warehouse Outlet,Shopping Center Warehouse,East China,Shanghai,86900.5,69558.07,25594.66,0.368,6227.12,7973,0.0486,1.6928,180.62,1.6
2026-03-01,S047,Himaxx Warehouse Outlet,Warehouse Outlet,South China,Xiamen,79499.06,59156.99,24172.99,0.4086,9755.1,7545,0.0328,1.5472,203.52,3.06
2026-03-01,S048,Himaxx Warehouse Outlet,Mall Warehouse,West China,Chongqing,69401.07,49599.47,19875.43,0.4007,5745.08,7696,0.0407,1.6228,153.75,3.23
2026-03-01,S049,Himaxx Warehouse Outlet,Warehouse Outlet,South China,Shenzhen,100918.87,79638.96,33169.29,0.4165,16444.21,7018,0.059,1.6347,167.62,4.39
2026-03-01,S050,Himaxx Warehouse Outlet,Community Warehouse,East China,Suzhou,61927.87,39384.81,17047.31,0.4328,5678.96,7772,0.0254,1.6125,195.69,2.21
2026-03-01,S051,Himaxx Warehouse Outlet,Shopping Center Warehouse,North China,Qingdao,90234.49,68020.34,28291.75,0.4159,11350.67,8011,0.0403,1.7353,171.37,3.94
2026-03-01,S052,Himaxx Warehouse Outlet,Shopping Center Warehouse,East China,Shanghai,74778.15,48033.16,21361.07,0.4447,7410.64,9094,0.036,1.5349,204.16,3.07
2026-03-01,S053,Himaxx Warehouse Outlet,Warehouse Outlet,West China,Chongqing,89679.11,78690.87,27623.76,0.351,7574.27,9255,0.0514,1.5921,171.65,2.26
2026-03-01,S054,Himaxx Warehouse Outlet,Community Warehouse,North China,Tianjin,98062.22,76941.88,30651.79,0.3984,6349.04,7802,0.0482,1.6701,160.42,4.14
2026-03-01,S055,Himaxx Warehouse Outlet,Mall Warehouse,South China,Xiamen,117784.83,78302.81,29162.53,0.3724,10131.32,9469,0.0502,1.5357,193.5,1.86
2026-03-01,S056,Himaxx Warehouse Outlet,Warehouse Outlet,East China,Nanjing,89247.98,67407.19,26879.84,0.3988,7966.49,8631,0.0516,1.5826,171.34,1.95
2026-03-01,S057,Himaxx Warehouse Outlet,Warehouse Outlet,East China,Shanghai,62263.65,34548.15,13928.82,0.4032,3479.33,8092,0.0342,1.4839,160.13,2.16
2026-03-01,S058,Himaxx Warehouse Outlet,Shopping Center Warehouse,South China,Xiamen,69150.84,37798.85,17787.64,0.4706,2776.96,7302,0.0293,1.6262,179.35,3.03
2026-03-01,S059,Himaxx Warehouse Outlet,Mall Warehouse,East China,Suzhou,47807.77,41023.14,16519.81,0.4027,2685.75,7369,0.025,1.7606,189.15,3.17
2026-03-01,S060,Himaxx Warehouse Outlet,Mall Warehouse,West China,Xi'an,103079.56,77690.32,32640.8,0.4201,11799.89,7014,0.057,1.6273,151.13,3.38
2026-03-01,S061,Himaxx Warehouse Outlet,Community Warehouse,South China,Xiamen,31079.34,22420.94,8938.86,0.3987,2300.85,5719,0.025,1.7667,157.02,2.87
2026-03-01,S062,Himaxx Warehouse Outlet,Community Warehouse,West China,Xi'an,87421.27,59788.44,23706.3,0.3965,9379.06,7588,0.0473,1.5815,173.99,3.52
2026-03-01,S063,Himaxx Warehouse Outlet,Mall Warehouse,East China,Nanjing,36371.34,23596.06,7260.0,0.3077,1706.49,6670,0.025,1.6549,152.03,1.98
2026-03-01,S064,Himaxx Warehouse Outlet,Shopping Center Warehouse,South China,Guangzhou,86999.75,64485.2,29419.91,0.4562,11747.4,9315,0.0376,1.5293,192.1,4.39
2026-03-01,S065,Himaxx Warehouse Outlet,Shopping Center Warehouse,North China,Tianjin,95496.22,60515.1,28747.95,0.4751,12363.99,7469,0.0392,1.7505,196.28,3.14
2026-03-01,S066,Himaxx Warehouse Outlet,Shopping Center Warehouse,North China,Tianjin,57741.38,36199.87,13099.52,0.3619,3338.77,6642,0.0302,1.6412,187.0,4.21
2026-03-01,S067,Himaxx Warehouse Outlet,Shopping Center Warehouse,North China,Beijing,82052.15,66358.13,24851.94,0.3745,4000.09,6292,0.0397,1.619,197.61,3.39
2026-03-01,S068,Himaxx Warehouse Outlet,Mall Warehouse,East China,Suzhou,69972.87,49646.96,17254.91,0.3476,5783.81,8427,0.0396,1.7032,180.42,4.3
2026-03-01,S069,Himaxx Warehouse Outlet,Warehouse Outlet,North China,Beijing,82636.58,50131.99,20319.93,0.4053,6185.31,8767,0.0361,1.4105,162.96,3.52
2026-03-01,S070,Himaxx Warehouse Outlet,Shopping Center Warehouse,Central China,Changsha,46773.02,31026.92,13445.02,0.4333,2808.78,6987,0.025,1.4555,178.43,3.58
2026-03-01,S071,Himaxx Warehouse Outlet,Warehouse Outlet,North China,Qingdao,113462.65,72829.54,27625.99,0.3793,9733.81,7793,0.0445,1.5134,197.62,1.57
2026-03-01,S072,Himaxx Warehouse Outlet,Community Warehouse,Central China,Changsha,54083.2,31868.65,13999.21,0.4393,2461.98,7802,0.025,1.4754,166.19,2.3
2026-03-01,S073,Himaxx Warehouse Outlet,Mall Warehouse,North China,Tianjin,90466.73,66088.11,27295.43,0.413,7457.89,8757,0.0405,1.6057,192.18,3.49
2026-03-01,S074,Himaxx Warehouse Outlet,Warehouse Outlet,North China,Tianjin,110088.75,86782.79,30635.51,0.353,6359.56,7528,0.0483,1.5737,176.41,2.97
2026-03-01,S075,Himaxx Warehouse Outlet,Warehouse Outlet,South China,Shenzhen,74344.57,64431.01,23130.65,0.359,4149.01,8434,0.029,1.6854,199.28,3.6
2026-03-01,S076,Himaxx Warehouse Outlet,Warehouse Outlet,East China,Nanjing,64505.22,40908.21,17598.08,0.4302,4215.4,7527,0.0254,1.7123,197.09,2.29
2026-04-01,S001,Himaxx Warehouse Outlet,Mall Warehouse,North China,Beijing,143267.08,102232.83,38305.74,0.3747,14134.32,9211,0.0517,1.5827,177.11,3.75
2026-04-01,S002,Himaxx Warehouse Outlet,Shopping Center Warehouse,East China,Nanjing,72598.36,49481.48,23222.75,0.4693,7687.68,8949,0.0307,1.8563,164.97,2.45
2026-04-01,S003,Himaxx Warehouse Outlet,Warehouse Outlet,South China,Shenzhen,48676.59,33634.2,12590.77,0.3743,3778.73,7662,0.025,1.5958,189.69,4.24
2026-04-01,S004,Himaxx Warehouse Outlet,Pop-up Clearance Warehouse,South China,Xiamen,68582.16,43591.73,13118.47,0.3009,2775.39,8173,0.0314,1.5465,140.43,1.77
2026-04-01,S005,Himaxx Warehouse Outlet,Shopping Center Warehouse,Central China,Changsha,61151.6,40945.99,17721.97,0.4328,3955.91,7092,0.0264,1.7513,182.68,2.72
2026-04-01,S006,Himaxx Warehouse Outlet,Warehouse Outlet,North China,Qingdao,58722.34,41979.22,16542.2,0.3941,5228.71,7178,0.0313,1.6035,166.65,2.81
2026-04-01,S007,Himaxx Warehouse Outlet,Mall Warehouse,Central China,Wuhan,76437.04,56047.47,23400.99,0.4175,7635.99,7279,0.0323,1.5996,197.32,4.35
2026-04-01,S008,Himaxx Warehouse Outlet,Mall Warehouse,Central China,Changsha,99004.38,77732.14,29241.54,0.3762,9917.17,7816,0.0507,1.5033,171.69,3.64
2026-04-01,S009,Himaxx Warehouse Outlet,Mall Warehouse,Central China,Changsha,96373.51,84053.35,32301.13,0.3843,14544.77,8419,0.0478,1.6106,176.91,4.29
2026-04-01,S010,Himaxx Warehouse Outlet,Community Warehouse,Central China,Changsha,91739.93,58032.57,21172.33,0.3648,5277.64,7751,0.0439,1.743,155.78,3.73
2026-04-01,S011,Himaxx Warehouse Outlet,Community Warehouse,West China,Chengdu,50329.22,36443.2,15403.79,0.4227,3775.48,8696,0.025,1.6173,172.03,3.88
2026-04-01,S012,Himaxx Warehouse Outlet,Warehouse Outlet,North China,Beijing,104193.9,89104.01,30461.08,0.3419,11010.91,8237,0.0447,1.7663,154.71,2.41
2026-04-01,S013,Himaxx Warehouse Outlet,Community Warehouse,South China,Shenzhen,105643.94,72326.38,31160.14,0.4308,14433.12,8993,0.0451,1.4736,166.49,2.07
2026-04-01,S014,Himaxx Warehouse Outlet,Shopping Center Warehouse,North China,Tianjin,64498.48,42693.72,19122.13,0.4479,5333.64,7122,0.029,1.4924,148.17,3.21
2026-04-01,S015,Himaxx Warehouse Outlet,Mall Warehouse,East China,Hangzhou,63271.54,46793.94,18992.66,0.4059,4346.31,8350,0.0347,1.5739,153.86,2.03
2026-04-01,S016,Himaxx Warehouse Outlet,Shopping Center Warehouse,West China,Chengdu,104762.8,67441.49,27281.5,0.4045,13011.79,9361,0.0459,1.6786,190.94,2.75
2026-04-01,S017,Himaxx Warehouse Outlet,Shopping Center Warehouse,East China,Hangzhou,82576.5,62239.9,25553.39,0.4106,8285.13,7831,0.0385,1.7052,175.84,1.98
2026-04-01,S018,Himaxx Warehouse Outlet,Mall Warehouse,West China,Xi'an,85764.88,59477.55,21463.26,0.3609,9673.04,9053,0.0366,1.628,164.35,4.18
2026-04-01,S019,Himaxx Warehouse Outlet,Shopping Center Warehouse,North China,Qingdao,65665.51,46310.46,18816.0,0.4063,4280.57,8069,0.0284,1.4329,181.48,3.01
2026-04-01,S020,Himaxx Warehouse Outlet,Warehouse Outlet,East China,Shanghai,91843.59,74971.24,31156.59,0.4156,7876.65,8893,0.0409,1.4887,181.15,3.5
2026-04-01,S021,Himaxx Warehouse Outlet,Pop-up Clearance Warehouse,Central China,Changsha,87585.05,60228.42,15591.02,0.2589,5874.17,7529,0.039,1.6464,153.17,3.27
2026-04-01,S022,Himaxx Warehouse Outlet,Mall Warehouse,South China,Xiamen,60116.6,40441.71,18081.8,0.4471,5568.62,7874,0.0259,1.4703,165.82,1.73
2026-04-01,S023,Himaxx Warehouse Outlet,Mall Warehouse,Central China,Changsha,69979.74,53030.85,20767.3,0.3916,6588.67,7933,0.0399,1.5946,162.93,2.76
2026-04-01,S024,Himaxx Warehouse Outlet,Mall Warehouse,West China,Chongqing,39798.16,24330.27,10426.23,0.4285,2385.51,6018,0.025,1.364,163.87,2.04
2026-04-01,S025,Himaxx Warehouse Outlet,Shopping Center Warehouse,East China,Hangzhou,80536.75,61692.31,23034.11,0.3734,8114.19,8885,0.039,1.5014,173.01,3.34
2026-04-01,S026,Himaxx Warehouse Outlet,Shopping Center Warehouse,North China,Beijing,112023.69,81794.89,35233.28,0.4308,7611.65,7360,0.0514,1.6568,167.77,3.54
2026-04-01,S027,Himaxx Warehouse Outlet,Shopping Center Warehouse,West China,Chengdu,34348.14,18237.64,8565.64,0.4697,2441.35,6560,0.025,1.4445,195.38,3.9
2026-04-01,S028,Himaxx Warehouse Outlet,Warehouse Outlet,West China,Chongqing,53420.56,38767.18,14994.94,0.3868,2028.67,7477,0.0271,1.7488,162.02,2.81
2026-04-01,S029,Himaxx Warehouse Outlet,Warehouse Outlet,East China,Suzhou,76142.78,65164.96,23315.95,0.3578,10229.35,7865,0.0371,1.5615,159.5,2.64
2026-04-01,S030,Himaxx Warehouse Outlet,Warehouse Outlet,North China,Beijing,54376.09,40516.87,17225.99,0.4252,2943.35,7436,0.025,1.7475,164.69,4.16
2026-04-01,S031,Himaxx Warehouse Outlet,Warehouse Outlet,West China,Xi'an,64107.98,41650.51,15297.95,0.3673,4414.2,6944,0.025,1.5582,163.13,2.45
2026-04-01,S032,Himaxx Warehouse Outlet,Mall Warehouse,Central China,Wuhan,68848.01,52700.5,24582.61,0.4665,8378.53,7542,0.0322,1.817,178.91,3.43
2026-04-01,S033,Himaxx Warehouse Outlet,Mall Warehouse,West China,Chongqing,60277.15,42208.78,15850.04,0.3755,3534.06,8248,0.025,1.6613,180.28,4.33
2026-04-01,S034,Himaxx Warehouse Outlet,Warehouse Outlet,South China,Shenzhen,106089.42,83772.32,38349.47,0.4578,18471.59,6804,0.0564,1.567,175.07,3.76
2026-04-01,S035,Himaxx Warehouse Outlet,Pop-up Clearance Warehouse,West China,Chongqing,45245.15,29718.96,8912.35,0.2999,1414.49,7787,0.025,1.4868,142.43,3.55
2026-04-01,S036,Himaxx Warehouse Outlet,Warehouse Outlet,East China,Nanjing,67822.18,40766.17,15786.42,0.3872,5849.74,6943,0.0301,1.5325,181.1,1.88
2026-04-01,S037,Himaxx Warehouse Outlet,Warehouse Outlet,South China,Shenzhen,62460.59,50983.63,18157.78,0.3561,2265.36,6817,0.0283,1.6873,176.83,3.81
2026-04-01,S038,Himaxx Warehouse Outlet,Warehouse Outlet,North China,Qingdao,92884.49,79134.43,27466.17,0.3471,10373.37,7485,0.0516,1.6519,166.77,2.66
2026-04-01,S039,Himaxx Warehouse Outlet,Pop-up Clearance Warehouse,South China,Shenzhen,73315.49,49988.25,13851.25,0.2771,3425.9,7263,0.042,1.5007,165.64,4.03
2026-04-01,S040,Himaxx Warehouse Outlet,Warehouse Outlet,South China,Xiamen,96654.85,82069.49,28646.56,0.3491,7120.07,8344,0.054,1.6818,183.22,2.15
2026-04-01,S041,Himaxx Warehouse Outlet,Shopping Center Warehouse,East China,Shanghai,57568.01,32710.66,14781.95,0.4519,1744.93,9045,0.025,1.4862,189.92,3.21
2026-04-01,S042,Himaxx Warehouse Outlet,Community Warehouse,East China,Shanghai,83751.15,62474.76,25218.3,0.4037,12890.94,8717,0.0391,1.6705,153.12,2.3
2026-04-01,S043,Himaxx Warehouse Outlet,Warehouse Outlet,East China,Hangzhou,74387.71,62611.96,25600.49,0.4089,8989.03,6879,0.044,1.8157,182.7,3.26
2026-04-01,S044,Himaxx Warehouse Outlet,Community Warehouse,Central China,Changsha,92419.04,54611.93,20996.09,0.3845,11145.26,7227,0.05,1.3969,164.63,2.12
2026-04-01,S045,Himaxx Warehouse Outlet,Warehouse Outlet,North China,Beijing,79989.63,60195.02,21761.92,0.3615,3398.83,7678,0.0303,1.483,202.48,1.71
2026-04-01,S046,Himaxx Warehouse Outlet,Shopping Center Warehouse,East China,Shanghai,103437.93,79496.65,30328.9,0.3815,8877.31,8376,0.0443,1.4896,199.49,3.11
2026-04-01,S047,Himaxx Warehouse Outlet,Warehouse Outlet,South China,Xiamen,90004.85,62779.22,27144.43,0.4324,6999.15,6580,0.042,1.8495,166.97,3.88
2026-04-01,S048,Himaxx Warehouse Outlet,Mall Warehouse,West China,Chongqing,68209.66,55825.6,22424.62,0.4017,4415.56,8411,0.0318,1.7957,184.45,2.29
2026-04-01,S049,Himaxx Warehouse Outlet,Warehouse Outlet,South China,Shenzhen,105919.24,85599.11,35384.47,0.4134,9719.21,6270,0.0604,1.7101,194.97,1.87
2026-04-01,S050,Himaxx Warehouse Outlet,Community Warehouse,East China,Suzhou,44048.83,34336.67,12663.67,0.3688,4077.55,7137,0.025,1.5507,176.07,3.53
2026-04-01,S051,Himaxx Warehouse Outlet,Shopping Center Warehouse,North China,Qingdao,70456.24,53000.67,20932.41,0.3949,7458.23,9123,0.0346,1.654,177.13,3.31
2026-04-01,S052,Himaxx Warehouse Outlet,Shopping Center Warehouse,East China,Shanghai,79932.31,44933.89,19173.74,0.4267,3630.78,7285,0.0368,1.6461,193.64,3.17
2026-04-01,S053,Himaxx Warehouse Outlet,Warehouse Outlet,West China,Chongqing,92375.28,76954.26,26916.47,0.3498,5338.09,6787,0.0475,1.5984,186.41,4.47
2026-04-01,S054,Himaxx Warehouse Outlet,Community Warehouse,North China,Tianjin,84610.48,68328.72,25722.39,0.3765,12419.28,7221,0.0391,1.5466,166.55,3.79
2026-04-01,S055,Himaxx Warehouse Outlet,Mall Warehouse,South China,Xiamen,115783.72,86902.69,32245.98,0.3711,11903.18,7070,0.0578,1.6211,183.28,1.86
2026-04-01,S056,Himaxx Warehouse Outlet,Warehouse Outlet,East China,Nanjing,99662.73,83593.49,32465.56,0.3884,7817.61,7280,0.0422,1.9221,194.94,3.02
2026-04-01,S057,Himaxx Warehouse Outlet,Warehouse Outlet,East China,Shanghai,71909.91,47525.8,19038.29,0.4006,4963.49,7785,0.0381,1.4925,174.73,4.09
2026-04-01,S058,Himaxx Warehouse Outlet,Shopping Center Warehouse,South China,Xiamen,52310.94,32912.7,16418.1,0.4988,3036.18,7587,0.0282,1.7377,166.35,2.49
2026-04-01,S059,Himaxx Warehouse Outlet,Mall Warehouse,East China,Suzhou,42576.76,33995.9,14022.19,0.4125,3463.97,8653,0.025,1.8047,170.19,2.37
2026-04-01,S060,Himaxx Warehouse Outlet,Mall Warehouse,West China,Xi'an,104679.56,72417.14,31556.67,0.4358,8512.45,7379,0.0524,1.5036,186.65,2.04
2026-04-01,S061,Himaxx Warehouse Outlet,Community Warehouse,South China,Xiamen,47396.79,30070.42,11405.13,0.3793,2176.43,7708,0.025,1.5642,163.63,3.16
2026-04-01,S062,Himaxx Warehouse Outlet,Community Warehouse,West China,Xi'an,81769.75,60956.19,25739.12,0.4223,5115.23,7561,0.0352,1.7544,188.36,4.33
2026-04-01,S063,Himaxx Warehouse Outlet,Mall Warehouse,East China,Nanjing,29238.23,22721.92,7960.34,0.3503,1775.92,6216,0.025,1.5555,161.31,4.3
2026-04-01,S064,Himaxx Warehouse Outlet,Shopping Center Warehouse,South China,Guangzhou,104640.01,70866.24,28984.55,0.409,9594.44,8356,0.049,1.5482,184.84,3.25
2026-04-01,S065,Himaxx Warehouse Outlet,Shopping Center Warehouse,North China,Tianjin,80129.91,55736.22,22824.03,0.4095,9867.38,7309,0.0364,1.5869,189.54,2.65
2026-04-01,S066,Himaxx Warehouse Outlet,Shopping Center Warehouse,North China,Tianjin,57723.3,39027.51,18295.43,0.4688,3982.71,7435,0.025,1.7637,190.83,4.21
2026-04-01,S067,Himaxx Warehouse Outlet,Shopping Center Warehouse,North China,Beijing,80507.45,63556.42,27967.35,0.44,10198.57,7566,0.0436,1.733,196.56,3.04
2026-04-01,S068,Himaxx Warehouse Outlet,Mall Warehouse,East China,Suzhou,64058.45,51774.37,19045.14,0.3678,5029.72,7588,0.0373,1.6644,176.18,1.64
2026-04-01,S069,Himaxx Warehouse Outlet,Warehouse Outlet,North China,Beijing,63463.01,44983.94,16464.96,0.366,6554.05,8044,0.0345,1.6756,158.86,1.62
2026-04-01,S070,Himaxx Warehouse Outlet,Shopping Center Warehouse,Central China,Changsha,45828.48,28726.1,12510.82,0.4355,3100.53,7337,0.025,1.6847,190.74,1.91
2026-04-01,S071,Himaxx Warehouse Outlet,Warehouse Outlet,North China,Qingdao,66817.45,46464.98,17399.54,0.3745,5909.43,8796,0.0327,1.4836,162.58,2.76
2026-04-01,S072,Himaxx Warehouse Outlet,Community Warehouse,Central China,Changsha,60942.55,32192.05,14181.76,0.4405,2424.53,7684,0.025,1.6825,195.94,2.76
2026-04-01,S073,Himaxx Warehouse Outlet,Mall Warehouse,North China,Tianjin,88473.43,88473.43,34356.27,0.3883,12813.57,8654,0.0496,1.7317,183.82,2.62
2026-04-01,S074,Himaxx Warehouse Outlet,Warehouse Outlet,North China,Tianjin,112919.18,78739.4,27904.11,0.3544,12413.8,7528,0.0542,1.6332,150.29,4.32
2026-04-01,S075,Himaxx Warehouse Outlet,Warehouse Outlet,South China,Shenzhen,64580.23,47744.72,17923.97,0.3754,4370.92,7316,0.0397,1.5519,171.64,1.97
2026-04-01,S076,Himaxx Warehouse Outlet,Warehouse Outlet,East China,Nanjing,49145.32,33985.63,13339.68,0.3925,4281.57,6499,0.025,1.7705,178.86,2.37
