brand,brand_owner,brand_tier,recognized_revenue,gross_profit,gross_margin_pct,revenue_share,gross_profit_share,gmroi,sell_through_rate,inventory_value,inventory_age_days,weeks_of_supply,return_rate,markdown_rate,discount_factor,discount_depth,price_cost_spread,buyout_revenue_share,consignment_revenue_share,own_brand_revenue_share,revenue_score,margin_score,gmroi_score,inventory_score,markdown_score,spread_score,final_brand_score,brand_tier_score_label
Adidas,External Brand,Tier 1,822894.36,398411.56,0.4841588171779425,0.05180566834991419,0.06425931670315632,0.019599532689667323,0.008086856248939645,61771745.49,167.44705513784461,731.5027237364244,0.0428964600930056,0.7970204296873514,0.20925550634470538,0.7907444936552946,0.1348171975631983,0.6682222612389761,0.33177773876102395,0.0,76.19,71.43,90.48,28.57,61.9,80.95,70.67,B
Asics,External Brand,Tier 3,383726.68,183112.44999999998,0.47719499201879834,0.024157678175232174,0.029533984698739354,0.015218069374959136,0.009021290000596633,36997196.63,146.95740553306342,720.6955292678812,0.04583723105706267,0.807521338212266,0.19327251632635342,0.8067274836736467,0.11674342235411451,0.6934989508678416,0.30650104913215837,0.0,28.57,66.67,66.67,76.19,38.1,66.67,56.76,C
Brand A,Himaxx Own,Tier 2,3090064.55,998140.0,0.32301590592986157,0.19453634274164525,0.1609887885132862,0.016536273936259498,0.009826599194112913,243373207.07,151.68512901572112,687.7510238095239,0.041570921245038646,0.7634592774635485,0.2378169758032149,0.7621830241967852,0.07224995958808739,0.0,0.0,1.0,100.0,14.29,71.43,0.0,95.24,9.52,51.33,C
Brand B,Himaxx Own,Tier 2,1856034.67,489789.24,0.2638901351988215,0.11684746090611488,0.07899751174629129,0.01177769800217342,0.008068817888534623,159255291.29,173.31397527910687,725.0582200956939,0.04230574751390528,0.7911432517018533,0.2170264133212836,0.7829735866787164,0.0619892090881544,0.0,0.0,1.0,95.24,9.52,38.1,4.76,71.43,4.76,39.71,D
Brooks Brothers,External Brand,Tier 1,597354.92,328270.13,0.5495395099449419,0.03760673590314742,0.05294629063437892,0.016867191273391778,0.006139935189390475,60311707.42,150.24708744517545,792.4768667763158,0.03861749372465727,0.7868190105309197,0.21878471160333582,0.7812152883966642,0.13137933385728814,0.8830345282834533,0.11696547171654666,0.0,47.62,90.48,80.95,38.1,80.95,76.19,69.24,B
Champion,External Brand,Tier 3,434475.98,161362.09,0.37139473164891645,0.02735262218334313,0.026025895546788885,0.006301216715402743,0.006407546615078491,51160031.74,148.1545209176788,779.6341413630229,0.03810733566211496,0.8056816882670943,0.19236564711007345,0.8076343528899266,0.09052607337519343,0.9700562272740602,0.02994377272593988,0.0,38.1,28.57,4.76,57.14,47.62,23.81,30.86,D
Cole Haan,External Brand,Tier 2,1086413.52,507488.39,0.4671226753510947,0.06839563040386236,0.08185218615690998,0.016854207458671153,0.0059040777154582245,106986492.27,222.33585948043185,781.5447153761808,0.03724894908921065,0.8476765983698507,0.15247271985058997,0.84752728014941,0.07476251698284322,0.9713648998035297,0.028635100196470305,0.0,90.48,61.9,76.19,9.52,0.0,14.29,53.05,C
Columbia,External Brand,Tier 3,372709.18,192241.17,0.5157940300799675,0.023464066724249354,0.03100634486212025,0.011892902991452518,0.0052264082712747606,44830151.91,178.35754048582996,818.4329322705803,0.045081967213114756,0.8077116820239973,0.18342296145233378,0.8165770385476663,0.10620452878141884,0.8111707363902333,0.18882926360976676,0.0,23.81,76.19,47.62,66.67,33.33,52.38,50.38,C
Fila,External Brand,Tier 3,358026.11,142392.89,0.39771649615163546,0.022539687737402763,0.022966376313949575,0.01272888060759161,0.008382874075244233,35255588.04,144.38815789473685,724.7896299342104,0.04514752932811945,0.8145761510117169,0.19026498633896322,0.8097350136610367,0.11683408106121583,0.8803456541200305,0.11965434587996948,0.0,19.05,47.62,52.38,80.95,28.57,71.43,47.52,C
Hoka,External Brand,Tier 1,294862.7,177418.68000000002,0.6016992993688249,0.01856320809509527,0.028615643449642743,0.013053665753821015,0.007052226167043368,24293087.57,149.01069078947367,784.1128508771931,0.039755351681957186,0.7736318236372199,0.2232813715411119,0.7767186284588882,0.15195730654942943,0.7242317865230156,0.2757682134769843,0.0,9.52,100.0,61.9,95.24,90.48,100.0,70.09,B
Lululemon,External Brand,Tier 1,409943.74,245536.87,0.5989526026181056,0.02580818446314719,0.039602343595732316,0.022267936832346964,0.00768674101092302,42336077.6,141.89461032388664,752.8475881410257,0.044585987261146494,0.7749189961304334,0.22787595336436242,0.7721240466356376,0.1494880918295503,0.43778960986207527,0.5622103901379248,0.0,33.33,95.24,95.24,71.43,85.71,90.48,76.86,B
New Balance,External Brand,Tier 3,843425.58,279330.44,0.33118563940164114,0.053098220135223695,0.04505286746396617,0.00869475820805281,0.00706915914962405,75269567.61,156.8729098135965,772.2092304002193,0.03880407124681934,0.816093432559441,0.18945772048771778,0.8105422795122822,0.09525426632742928,0.9304058456467493,0.06959415435325071,0.0,80.95,19.05,19.05,19.05,19.05,33.33,34.1,D
Nike,External Brand,Tier 1,616736.25,328864.68,0.5332339067145802,0.03882689586895426,0.053042184881889866,0.02347870117216774,0.008643043610553255,60477622.15,162.97381320949432,734.408508126935,0.03878685355244079,0.795562079193254,0.2100728357368578,0.7899271642631421,0.14326995539044307,0.6487614113812834,0.3512385886187167,0.0,52.38,80.95,100.0,33.33,66.67,85.71,71.24,B
On Running,External Brand,Tier 1,220487.32,117851.76000000001,0.5345058391566463,0.01388087405931595,0.01900816725765781,0.010827034123678527,0.006047756979650918,29019969.35,160.97464364035088,792.2827576754386,0.03882352941176471,0.7882658345801784,0.21289345477113983,0.7871065452288603,0.15122679291899374,0.7457309563198464,0.2542690436801536,0.0,4.76,85.71,23.81,90.48,76.19,95.24,54.95,C
Patagonia,External Brand,Tier 3,324057.01,132960.21,0.4102988236545168,0.020401148437236616,0.02144499081128111,0.01119003118960236,0.00908130613018472,33243615.15,132.55921052631578,729.1690484892787,0.03825717321997875,0.7996714323194706,0.2000099341577565,0.7999900658422434,0.10634799160295681,0.7867644029672433,0.21323559703275669,0.0,14.29,52.38,28.57,85.71,57.14,57.14,44.38,C
Puma,External Brand,Tier 3,881178.6499999999,333980.56,0.3790157194571158,0.05547498089417591,0.05386731895464454,0.011435090718150864,0.007460473838305214,73795515.46,146.68148887844612,751.9656565241228,0.039836711711711714,0.8068245156080249,0.1962862180788771,0.8037137819211229,0.10305267579557569,0.9381996715422009,0.06180032845779911,0.0,85.71,33.33,33.33,23.81,42.86,42.86,45.43,C
Reebok Underwear,External Brand,Tier 2,710059.2,272881.71,0.38430839287766433,0.04470208232318591,0.044012759633251755,0.011888217970589128,0.008776113399356921,75620605.52,172.56269188596494,715.4250833333333,0.03903822774550858,0.8183433419946353,0.18368433322952527,0.8163156667704747,0.10478538271439364,0.8266389056011104,0.17336109439888953,0.0,71.43,42.86,42.86,14.29,14.29,47.62,42.76,C
Salomon,External Brand,Tier 3,690784.27,175488.37,0.2540422207355706,0.04348862081514033,0.0283043060938058,0.00841322607918116,0.006139562056943023,57591321.72,151.61981658692184,798.5523674242424,0.03901590457256461,0.8051640736062805,0.19188730655292804,0.8081126934470718,0.087875363421068,0.945374537842328,0.05462546215767188,0.0,61.9,4.76,14.29,42.86,52.38,19.05,30.95,D
Skechers,External Brand,Tier 3,622914.6,228629.76,0.3670322705552254,0.03921585655043188,0.03687541635490351,0.012792777426039985,0.0076463392933242905,52042755.47,191.511302294197,747.1394833839406,0.03985133181912038,0.8227973386486044,0.17408074479903243,0.8259192552009675,0.0998546272804647,0.8729039743168647,0.12709602568313536,0.0,57.14,23.81,57.14,52.38,4.76,38.1,42.0,C
The North Face,External Brand,Tier 3,566956.45,215037.34,0.3792836998326768,0.03569298715031259,0.03468311143899616,0.00772832360190037,0.00685237929363642,55380270.09,171.62452485380118,780.2523812134503,0.04150943396226415,0.8214518709913713,0.18292711688850866,0.8170728831114913,0.0930118576292494,0.8869234312441457,0.11307656875585416,0.0,42.86,38.1,9.52,47.62,9.52,28.57,30.38,D
Under Armour,External Brand,Tier 3,701147.59,290870.78,0.4148495753939624,0.044141048082868874,0.046914194888607416,0.01880975478395677,0.00908647773247042,48870382.88,151.5297514619883,712.2186348684211,0.04262688157719462,0.815739900041749,0.19113989793494593,0.8088601020650541,0.11535239946398113,0.7737229903336044,0.22627700966639563,0.0,66.67,57.14,85.71,61.9,23.81,61.9,63.33,B
