month,store_id,store_name,city,region,channel,store_format,traffic,member_uv,new_member_uv,returning_member_uv,assisted_visits,try_on_count,orders,buyers,gross_units,gmv,recognized_revenue,traffic_to_order_cvr,member_cvr,try_on_cvr,upt,aur
2026-01-01,S001,Himaxx Beijing Warehouse 1,Beijing,North China,Himaxx Warehouse Outlet,Mall Warehouse,8306,4130,937,3193,3754,1296,388,384,597,108240.02,77098.86,0.04671321935949916,0.09297820823244551,0.2993827160493827,1.538659793814433,181.3065661641541
2026-01-01,S002,Himaxx Nanjing Warehouse 2,Nanjing,East China,Himaxx Warehouse Outlet,Shopping Center Warehouse,7779,3970,923,3047,3577,1342,273,272,437,76469.93,53486.659999999996,0.0350944851523332,0.06851385390428212,0.20342771982116245,1.6007326007326008,174.98839816933636
2026-01-01,S003,Himaxx Shenzhen Warehouse 3,Shenzhen,South China,Himaxx Warehouse Outlet,Warehouse Outlet,7129,3281,715,2566,3138,1274,163,162,260,43368.18,34052.97,0.02286435685229345,0.04937519049070405,0.12794348508634223,1.5950920245398772,166.80069230769232
2026-01-01,S004,Himaxx Xiamen Warehouse 4,Xiamen,South China,Himaxx Warehouse Outlet,Pop-up Clearance Warehouse,6927,3017,591,2426,2922,1123,249,249,375,49317.840000000004,34274.22,0.03594629709831096,0.08253231687106397,0.22172751558325912,1.5060240963855422,131.51424
2026-01-01,S005,Himaxx Changsha Warehouse 5,Changsha,Central China,Himaxx Warehouse Outlet,Shopping Center Warehouse,7491,3380,792,2588,3279,1137,230,228,387,61508.65,46158.66,0.030703510879722333,0.06745562130177515,0.2022867194371152,1.682608695652174,158.93708010335916
2026-01-01,S006,Himaxx Qingdao Warehouse 6,Qingdao,North China,Himaxx Warehouse Outlet,Warehouse Outlet,8085,3783,833,2950,4002,1525,212,211,326,55594.07,40798.02,0.02622139764996908,0.05577583928099392,0.13901639344262295,1.5377358490566038,170.53395705521473
2026-01-01,S007,Himaxx Wuhan Warehouse 7,Wuhan,Central China,Himaxx Warehouse Outlet,Mall Warehouse,7819,3642,762,2880,3119,1150,310,310,511,90460.22,68315.44,0.0396470136846144,0.08511806699615596,0.26956521739130435,1.6483870967741936,177.0258708414873
2026-01-01,S008,Himaxx Changsha Warehouse 8,Changsha,Central China,Himaxx Warehouse Outlet,Mall Warehouse,7769,3574,866,2708,3343,1290,359,353,531,93875.07,71062.61,0.04620929334534689,0.09876888640179071,0.27829457364341087,1.4791086350974931,176.78920903954804
2026-01-01,S009,Himaxx Changsha Warehouse 9,Changsha,Central China,Himaxx Warehouse Outlet,Mall Warehouse,8624,4076,910,3166,4137,1502,319,317,516,88768.07,62236.14,0.036989795918367346,0.07777232580961727,0.21238348868175766,1.6175548589341693,172.03114341085274
2026-01-01,S010,Himaxx Changsha Warehouse 10,Changsha,Central China,Himaxx Warehouse Outlet,Community Warehouse,8352,4054,878,3176,3899,1471,264,263,415,77496.03,56524.9,0.031609195402298854,0.06487419832264431,0.1794697484704283,1.571969696969697,186.73742168674698
2026-01-01,S011,Himaxx Chengdu Warehouse 11,Chengdu,West China,Himaxx Warehouse Outlet,Community Warehouse,8019,3796,808,2988,3773,1372,198,198,342,59346.96,46488.36,0.024691358024691357,0.052160168598524764,0.14431486880466474,1.7272727272727273,173.52912280701753
2026-01-01,S012,Himaxx Beijing Warehouse 12,Beijing,North China,Himaxx Warehouse Outlet,Warehouse Outlet,7631,3554,854,2700,3552,1418,410,407,679,112428.22,82223.06,0.053728213864500066,0.11451885199774901,0.28913963328631875,1.6560975609756097,165.57911634756996
2026-01-01,S013,Himaxx Shenzhen Warehouse 13,Shenzhen,South China,Himaxx Warehouse Outlet,Community Warehouse,7524,3592,662,2930,3412,1247,358,355,569,102089.16,78552.77,0.04758107389686337,0.09883073496659243,0.28708901363271855,1.589385474860335,179.4185588752197
2026-01-01,S014,Himaxx Tianjin Warehouse 14,Tianjin,North China,Himaxx Warehouse Outlet,Shopping Center Warehouse,7633,3487,841,2646,4014,1568,251,248,429,76492.59,56393.21,0.032883532031966464,0.07112130771436766,0.1600765306122449,1.7091633466135459,178.30440559440558
2026-01-01,S015,Himaxx Hangzhou Warehouse 15,Hangzhou,East China,Himaxx Warehouse Outlet,Mall Warehouse,7780,3814,820,2994,3377,1206,250,250,391,71668.55,52698.590000000004,0.032133676092544985,0.06554798112218144,0.20729684908789386,1.564,183.2955242966752
2026-01-01,S016,Himaxx Chengdu Warehouse 16,Chengdu,West China,Himaxx Warehouse Outlet,Shopping Center Warehouse,7399,3518,785,2733,3273,1298,389,388,610,105863.94,79754.73,0.05257467225300716,0.11028993746446845,0.2996918335901387,1.5681233933161953,173.54744262295083
2026-01-01,S017,Himaxx Hangzhou Warehouse 17,Hangzhou,East China,Himaxx Warehouse Outlet,Shopping Center Warehouse,7909,3728,779,2949,3506,1218,238,238,362,64419.06,44866.11,0.030092299911493234,0.0638412017167382,0.19540229885057472,1.5210084033613445,177.9532044198895
2026-01-01,S018,Himaxx Xi'an Warehouse 18,Xi'an,West China,Himaxx Warehouse Outlet,Mall Warehouse,7921,3422,704,2718,3535,1422,335,334,549,91572.12,67543.94,0.042292639818204775,0.09760374050263004,0.23558368495077356,1.6388059701492537,166.79803278688524
2026-01-01,S019,Himaxx Qingdao Warehouse 19,Qingdao,North China,Himaxx Warehouse Outlet,Shopping Center Warehouse,7510,3753,779,2974,3308,1195,236,236,382,67546.56,50596.159999999996,0.031424766977363516,0.06288302691180389,0.19748953974895397,1.61864406779661,176.82345549738218
2026-01-01,S020,Himaxx Shanghai Warehouse 20,Shanghai,East China,Himaxx Warehouse Outlet,Warehouse Outlet,7852,3574,798,2776,3605,1264,339,338,545,96326.1,70246.12,0.043173713703515026,0.09457190822607722,0.26819620253164556,1.607669616519174,176.7451376146789
2026-01-01,S021,Himaxx Changsha Warehouse 21,Changsha,Central China,Himaxx Warehouse Outlet,Pop-up Clearance Warehouse,7257,3657,790,2867,3478,1258,292,292,495,68942.31,51620.54,0.04023701253961692,0.07984686901832103,0.23211446740858505,1.6952054794520548,139.27739393939393
2026-01-01,S022,Himaxx Xiamen Warehouse 22,Xiamen,South China,Himaxx Warehouse Outlet,Mall Warehouse,8170,4027,886,3141,3686,1290,218,218,337,56742.76,39351.15,0.026682986536107713,0.05413459150732555,0.16899224806201552,1.5458715596330275,168.37614243323443
2026-01-01,S023,Himaxx Changsha Warehouse 23,Changsha,Central China,Himaxx Warehouse Outlet,Mall Warehouse,7017,3012,655,2357,3335,1308,297,294,497,91999.3,68859.28,0.042325780247969215,0.09760956175298804,0.22706422018348624,1.6734006734006734,185.1092555331992
2026-01-01,S024,Himaxx Chongqing Warehouse 24,Chongqing,West China,Himaxx Warehouse Outlet,Mall Warehouse,7511,3603,853,2750,3259,1195,158,158,255,46449.05,36106.36,0.021035814139262414,0.04385234526783236,0.1322175732217573,1.6139240506329113,182.15313725490196
2026-01-01,S025,Himaxx Hangzhou Warehouse 25,Hangzhou,East China,Himaxx Warehouse Outlet,Shopping Center Warehouse,8206,3745,785,2960,3548,1352,286,285,465,86774.48,63982.52,0.03485254691689008,0.07610146862483311,0.21153846153846154,1.6258741258741258,186.61178494623655
2026-01-01,S026,Himaxx Beijing Warehouse 26,Beijing,North China,Himaxx Warehouse Outlet,Shopping Center Warehouse,7669,3684,794,2890,3371,1260,380,379,621,109549.53,81482.72,0.049550136914852,0.10287730727470142,0.30158730158730157,1.6342105263157896,176.40826086956523
2026-01-01,S027,Himaxx Chengdu Warehouse 27,Chengdu,West China,Himaxx Warehouse Outlet,Shopping Center Warehouse,7454,3556,885,2671,3312,1182,129,129,200,35242.57,24284.82,0.017306144352025758,0.03627671541057368,0.10913705583756345,1.550387596899225,176.21285
2026-01-01,S028,Himaxx Chongqing Warehouse 28,Chongqing,West China,Himaxx Warehouse Outlet,Warehouse Outlet,8811,4514,956,3558,4144,1485,204,203,323,53568.4,37519.55,0.023152877085461356,0.044971200708905625,0.13737373737373737,1.5833333333333333,165.84643962848298
2026-01-01,S029,Himaxx Suzhou Warehouse 29,Suzhou,East China,Himaxx Warehouse Outlet,Warehouse Outlet,8123,3825,886,2939,3509,1238,271,271,455,70527.31,50220.61,0.03336205835282531,0.07084967320261439,0.21890145395799676,1.6789667896678966,155.00507692307693
2026-01-01,S030,Himaxx Beijing Warehouse 30,Beijing,North China,Himaxx Warehouse Outlet,Warehouse Outlet,7004,3192,659,2533,2927,1010,215,214,371,61837.13,46470.17,0.030696744717304398,0.06704260651629072,0.21287128712871287,1.7255813953488373,166.67690026954176
2026-01-01,S031,Himaxx Xi'an Warehouse 31,Xi'an,West China,Himaxx Warehouse Outlet,Warehouse Outlet,7284,3453,735,2718,3106,1197,203,202,332,50688.19,37108.06,0.027869302580999452,0.05849985519837822,0.1695906432748538,1.6354679802955665,152.67527108433737
2026-01-01,S032,Himaxx Wuhan Warehouse 32,Wuhan,Central China,Himaxx Warehouse Outlet,Mall Warehouse,8005,3901,807,3094,3802,1341,281,280,467,81911.31,57925.26,0.03510306058713304,0.07177646757241733,0.20954511558538405,1.6619217081850535,175.39895074946466
2026-01-01,S033,Himaxx Chongqing Warehouse 33,Chongqing,West China,Himaxx Warehouse Outlet,Mall Warehouse,7593,3509,782,2727,3382,1210,224,223,352,61425.59,42769.1,0.029500856051626497,0.06355086919350242,0.18512396694214875,1.5714285714285714,174.50451704545455
2026-01-01,S034,Himaxx Shenzhen Warehouse 34,Shenzhen,South China,Himaxx Warehouse Outlet,Warehouse Outlet,7514,3370,724,2646,3466,1243,385,385,635,108997.11,76735.8,0.05123768964599414,0.1142433234421365,0.30973451327433627,1.6493506493506493,171.64899212598425
2026-01-01,S035,Himaxx Chongqing Warehouse 35,Chongqing,West China,Himaxx Warehouse Outlet,Pop-up Clearance Warehouse,8080,3930,746,3184,3356,1369,240,239,396,55360.93,38981.27,0.0297029702970297,0.06081424936386769,0.17531044558071585,1.65,139.80032828282827
2026-01-01,S036,Himaxx Nanjing Warehouse 36,Nanjing,East China,Himaxx Warehouse Outlet,Warehouse Outlet,7564,3649,798,2851,3382,1193,267,266,438,74900.04,54692.21,0.03529878371232152,0.07289668402302,0.22380553227158423,1.6404494382022472,171.00465753424655
2026-01-01,S037,Himaxx Shenzhen Warehouse 37,Shenzhen,South China,Himaxx Warehouse Outlet,Warehouse Outlet,7234,3489,674,2815,3118,1082,201,200,336,56649.03,41477.49,0.027785457561515067,0.05732301519059903,0.18576709796672827,1.671641791044776,168.59830357142857
2026-01-01,S038,Himaxx Qingdao Warehouse 38,Qingdao,North China,Himaxx Warehouse Outlet,Warehouse Outlet,7617,3501,834,2667,3392,1308,334,331,548,97108.72,67946.56,0.043849284495208085,0.0945444158811768,0.25535168195718655,1.6407185628742516,177.20569343065694
2026-01-01,S039,Himaxx Shenzhen Warehouse 39,Shenzhen,South China,Himaxx Warehouse Outlet,Pop-up Clearance Warehouse,8845,4486,1026,3460,4022,1561,316,316,508,72433.56,53542.45,0.0357263990955342,0.07044137316094516,0.20243433696348495,1.6075949367088607,142.58574803149605
2026-01-01,S040,Himaxx Xiamen Warehouse 40,Xiamen,South China,Himaxx Warehouse Outlet,Warehouse Outlet,7900,3731,846,2885,3511,1377,413,410,655,111429.51,78169.44,0.05227848101265823,0.10989010989010989,0.2999273783587509,1.585956416464891,170.1213893129771
2026-01-01,S041,Himaxx Shanghai Warehouse 41,Shanghai,East China,Himaxx Warehouse Outlet,Shopping Center Warehouse,8207,3907,824,3083,3392,1313,144,144,211,35869.88,27899.489999999998,0.01754599731936152,0.03685692347069363,0.10967250571210967,1.4652777777777777,169.99943127962084
2026-01-01,S042,Himaxx Shanghai Warehouse 42,Shanghai,East China,Himaxx Warehouse Outlet,Community Warehouse,7644,3745,821,2924,3487,1222,353,350,583,92709.76000000001,65772.63,0.04618001046572475,0.09345794392523364,0.2888707037643208,1.651558073654391,159.02188679245285
2026-01-01,S043,Himaxx Hangzhou Warehouse 43,Hangzhou,East China,Himaxx Warehouse Outlet,Warehouse Outlet,8090,4030,875,3155,3324,1192,329,326,546,96587.19,71654.87,0.04066749072929542,0.08089330024813896,0.276006711409396,1.6595744680851063,176.8996153846154
2026-01-01,S044,Himaxx Changsha Warehouse 44,Changsha,Central China,Himaxx Warehouse Outlet,Community Warehouse,7795,3760,772,2988,3510,1241,326,324,540,91759.95999999999,66689.26,0.0418216805644644,0.08617021276595745,0.2626913779210314,1.656441717791411,169.92585185185183
2026-01-01,S045,Himaxx Beijing Warehouse 45,Beijing,North China,Himaxx Warehouse Outlet,Warehouse Outlet,7399,3339,733,2606,3254,1256,317,317,491,86187.2,62563.759999999995,0.04284362751723206,0.09493860437256664,0.25238853503184716,1.5488958990536277,175.53401221995927
2026-01-01,S046,Himaxx Shanghai Warehouse 46,Shanghai,East China,Himaxx Warehouse Outlet,Shopping Center Warehouse,7947,3663,834,2829,3376,1184,334,331,539,98139.67,77375.2,0.042028438404429345,0.09036309036309036,0.28209459459459457,1.6137724550898203,182.07730983302412
2026-01-01,S047,Himaxx Xiamen Warehouse 47,Xiamen,South China,Himaxx Warehouse Outlet,Warehouse Outlet,7359,3615,812,2803,3374,1208,295,291,435,75737.08,51994.67,0.04008696833808941,0.08049792531120332,0.24420529801324503,1.4745762711864407,174.10822988505748
2026-01-01,S048,Himaxx Chongqing Warehouse 48,Chongqing,West China,Himaxx Warehouse Outlet,Mall Warehouse,7309,3401,745,2656,3192,1190,256,256,400,68053.38,48771.74,0.0350253112600903,0.07527197882975595,0.21512605042016808,1.5625,170.13345
2026-01-01,S049,Himaxx Shenzhen Warehouse 49,Shenzhen,South China,Himaxx Warehouse Outlet,Warehouse Outlet,7571,3784,730,3054,3239,1197,368,366,599,103462.81,74028.39,0.048606524897635714,0.096723044397463,0.30743525480367584,1.627717391304348,172.72589315525877
2026-01-01,S050,Himaxx Suzhou Warehouse 50,Suzhou,East China,Himaxx Warehouse Outlet,Community Warehouse,7458,3468,826,2642,3206,1188,184,181,280,48938.909999999996,36651.93,0.02467149369804237,0.052191464821222604,0.15488215488215487,1.5217391304347827,174.78182142857142
2026-01-01,S051,Himaxx Qingdao Warehouse 51,Qingdao,North China,Himaxx Warehouse Outlet,Shopping Center Warehouse,7022,3354,757,2597,3039,1188,274,272,427,80887.16,57304.909999999996,0.03902022215892908,0.08109719737626714,0.23063973063973064,1.5583941605839415,189.43128805620609
2026-01-01,S052,Himaxx Shanghai Warehouse 52,Shanghai,East China,Himaxx Warehouse Outlet,Shopping Center Warehouse,7560,3433,817,2616,3499,1239,220,219,361,63934.729999999996,42040.07,0.0291005291005291,0.06379260122341975,0.17756255044390637,1.6409090909090909,177.10451523545706
2026-01-01,S053,Himaxx Chongqing Warehouse 53,Chongqing,West China,Himaxx Warehouse Outlet,Warehouse Outlet,7301,3473,824,2649,3575,1258,371,368,570,99188.26,73877.42,0.05081495685522531,0.10596026490066225,0.294912559618442,1.536388140161725,174.01449122807017
2026-01-01,S054,Himaxx Tianjin Warehouse 54,Tianjin,North China,Himaxx Warehouse Outlet,Community Warehouse,8022,3893,848,3045,3307,1181,346,342,540,97242.36,72007.92,0.0431313886811269,0.08784998715643462,0.29297205757832345,1.560693641618497,180.07844444444444
2026-01-01,S055,Himaxx Xiamen Warehouse 55,Xiamen,South China,Himaxx Warehouse Outlet,Mall Warehouse,7429,3568,832,2736,3326,1323,360,355,570,96612.39,66440.57,0.04845874276484049,0.09949551569506726,0.272108843537415,1.5833333333333333,169.49542105263157
2026-01-01,S056,Himaxx Nanjing Warehouse 56,Nanjing,East China,Himaxx Warehouse Outlet,Warehouse Outlet,7899,3664,839,2825,3884,1402,344,341,576,103446.6,74965.38,0.0435498164324598,0.09306768558951965,0.24536376604850213,1.6744186046511629,179.59479166666668
2026-01-01,S057,Himaxx Shanghai Warehouse 57,Shanghai,East China,Himaxx Warehouse Outlet,Warehouse Outlet,7646,3660,837,2823,3566,1378,268,268,422,76799.4,55233.33,0.03505100706251635,0.073224043715847,0.19448476052249636,1.5746268656716418,181.98909952606633
2026-01-01,S058,Himaxx Xiamen Warehouse 58,Xiamen,South China,Himaxx Warehouse Outlet,Shopping Center Warehouse,7699,3835,789,3046,3702,1447,198,197,325,62449.05,47101.16,0.025717625665670867,0.05136897001303781,0.13683483068417415,1.6414141414141414,192.15092307692308
2026-01-01,S059,Himaxx Suzhou Warehouse 59,Suzhou,East China,Himaxx Warehouse Outlet,Mall Warehouse,7139,3311,690,2621,3339,1382,141,141,231,41017.82,32253.54,0.01975066535929402,0.042585321655089096,0.1020260492040521,1.6382978723404256,177.56632034632034
2026-01-01,S060,Himaxx Xi'an Warehouse 60,Xi'an,West China,Himaxx Warehouse Outlet,Mall Warehouse,7635,3687,719,2968,3283,1200,328,327,512,91038.08,63889.6,0.04296005239030779,0.0886899918633035,0.2733333333333333,1.5609756097560976,177.80875
2026-01-01,S061,Himaxx Xiamen Warehouse 61,Xiamen,South China,Himaxx Warehouse Outlet,Community Warehouse,7509,3470,793,2677,2904,991,149,149,247,46202.86,33613.75,0.019842855240378213,0.042939481268011524,0.1503531786074672,1.657718120805369,187.05611336032388
2026-01-01,S062,Himaxx Xi'an Warehouse 62,Xi'an,West China,Himaxx Warehouse Outlet,Community Warehouse,8595,4286,951,3335,3729,1240,302,301,528,87276.23,58193.22,0.03513670738801629,0.07022865142323845,0.2435483870967742,1.7483443708609272,165.29589015151515
2026-01-01,S063,Himaxx Nanjing Warehouse 63,Nanjing,East China,Himaxx Warehouse Outlet,Mall Warehouse,7058,3526,773,2753,3027,1091,138,137,209,38579.229999999996,29280.16,0.019552281099461603,0.03885422575155984,0.12648945921173235,1.5144927536231885,184.58961722488036
2026-01-01,S064,Himaxx Guangzhou Warehouse 64,Guangzhou,South China,Himaxx Warehouse Outlet,Shopping Center Warehouse,8145,3794,858,2936,3544,1261,327,327,525,99304.65,75781.92,0.04014732965009208,0.08618871903004745,0.25931800158604285,1.6055045871559632,189.15171428571426
2026-01-01,S065,Himaxx Tianjin Warehouse 65,Tianjin,North China,Himaxx Warehouse Outlet,Shopping Center Warehouse,7806,3612,834,2778,3534,1358,252,251,406,74006.55,53376.43,0.03228285933897002,0.0694905869324474,0.18556701030927836,1.6111111111111112,182.28214285714287
2026-01-01,S066,Himaxx Tianjin Warehouse 66,Tianjin,North China,Himaxx Warehouse Outlet,Shopping Center Warehouse,6914,3236,672,2564,3299,1274,183,183,271,46346.62,33013.020000000004,0.026468035869250797,0.056551297898640294,0.14364207221350078,1.4808743169398908,171.0207380073801
2026-01-01,S067,Himaxx Beijing Warehouse 67,Beijing,North China,Himaxx Warehouse Outlet,Shopping Center Warehouse,7503,3510,787,2723,3628,1389,288,286,460,83381.27,63095.38,0.03838464614154338,0.08148148148148149,0.20734341252699784,1.5972222222222223,181.2636304347826
2026-01-01,S068,Himaxx Suzhou Warehouse 68,Suzhou,East China,Himaxx Warehouse Outlet,Mall Warehouse,8485,4014,823,3191,3944,1513,259,258,407,67884.57,47803.0,0.03052445492044785,0.06427503736920777,0.17118307997356247,1.5714285714285714,166.7925552825553
2026-01-01,S069,Himaxx Beijing Warehouse 69,Beijing,North China,Himaxx Warehouse Outlet,Warehouse Outlet,7692,3835,914,2921,3558,1288,281,280,475,77661.65,53508.63,0.03653146125845034,0.07301173402868318,0.21816770186335405,1.690391459074733,163.49821052631577
2026-01-01,S070,Himaxx Changsha Warehouse 70,Changsha,Central China,Himaxx Warehouse Outlet,Shopping Center Warehouse,7786,3701,804,2897,3270,1236,132,132,218,39535.38,23762.5,0.016953506293347034,0.0356660362064307,0.10679611650485436,1.6515151515151516,181.35495412844037
2026-01-01,S071,Himaxx Qingdao Warehouse 71,Qingdao,North China,Himaxx Warehouse Outlet,Warehouse Outlet,7299,3597,821,2776,3474,1301,260,259,421,73783.45999999999,54371.65,0.03562131798876558,0.07200444815123715,0.19984627209838585,1.6192307692307693,175.25762470308786
2026-01-01,S072,Himaxx Changsha Warehouse 72,Changsha,Central China,Himaxx Warehouse Outlet,Community Warehouse,8692,4169,952,3217,3911,1473,151,150,249,40769.08,29636.52,0.01737229636447308,0.035979851283281364,0.10251188051595383,1.6490066225165563,163.7312449799197
2026-01-01,S073,Himaxx Tianjin Warehouse 73,Tianjin,North China,Himaxx Warehouse Outlet,Mall Warehouse,7585,3572,866,2706,3311,1176,294,291,467,81619.32,61305.69,0.03876071193144364,0.0814669652855543,0.25,1.58843537414966,174.773704496788
2026-01-01,S074,Himaxx Tianjin Warehouse 74,Tianjin,North China,Himaxx Warehouse Outlet,Warehouse Outlet,7018,3246,702,2544,3117,1084,343,342,561,97392.98,72831.63,0.04887432316899402,0.10536044362292052,0.31642066420664205,1.6355685131195334,173.6060249554367
2026-01-01,S075,Himaxx Shenzhen Warehouse 75,Shenzhen,South China,Himaxx Warehouse Outlet,Warehouse Outlet,7773,3606,806,2800,3574,1232,249,247,387,65452.0,49003.7,0.032033963720571206,0.0684969495285635,0.2021103896103896,1.5542168674698795,169.1266149870801
2026-01-01,S076,Himaxx Nanjing Warehouse 76,Nanjing,East China,Himaxx Warehouse Outlet,Warehouse Outlet,7426,3767,847,2920,3327,1273,187,186,311,51493.05,36646.64,0.025181793697818474,0.04937616140164587,0.14689709347996857,1.6631016042780749,165.57250803858523
2026-02-01,S001,Himaxx Beijing Warehouse 1,Beijing,North China,Himaxx Warehouse Outlet,Mall Warehouse,7026,3254,710,2544,3282,1221,351,347,579,103026.91,73860.81,0.04995730145175064,0.1066379840196681,0.28746928746928746,1.6495726495726495,177.93939550949915
2026-02-01,S002,Himaxx Nanjing Warehouse 2,Nanjing,East China,Himaxx Warehouse Outlet,Shopping Center Warehouse,7802,3651,746,2905,3343,1190,222,222,362,64026.770000000004,45633.13,0.028454242501922584,0.06080525883319639,0.1865546218487395,1.6306306306306306,176.86953038674034
2026-02-01,S003,Himaxx Shenzhen Warehouse 3,Shenzhen,South China,Himaxx Warehouse Outlet,Warehouse Outlet,7135,3187,668,2519,3307,1216,160,160,260,45498.72,34564.51,0.02242466713384723,0.050203953561342954,0.13157894736842105,1.625,174.99507692307694
2026-02-01,S004,Himaxx Xiamen Warehouse 4,Xiamen,South China,Himaxx Warehouse Outlet,Pop-up Clearance Warehouse,6070,2981,708,2273,2767,1083,195,194,329,51106.92,38596.12,0.03212520593080725,0.06507883260650789,0.18005540166204986,1.6871794871794872,155.34018237082066
2026-02-01,S005,Himaxx Changsha Warehouse 5,Changsha,Central China,Himaxx Warehouse Outlet,Shopping Center Warehouse,6756,3117,652,2465,2965,1046,193,192,324,53222.79,38045.81,0.02856719952634695,0.061597690086621755,0.18451242829827916,1.6787564766839378,164.26787037037036
2026-02-01,S006,Himaxx Qingdao Warehouse 6,Qingdao,North China,Himaxx Warehouse Outlet,Warehouse Outlet,7301,3697,828,2869,3161,1195,203,203,316,55219.68,41008.44,0.027804410354745925,0.05490938598863944,0.1698744769874477,1.5566502463054188,174.74582278481012
2026-02-01,S007,Himaxx Wuhan Warehouse 7,Wuhan,Central China,Himaxx Warehouse Outlet,Mall Warehouse,7031,3355,745,2610,3186,1190,234,234,366,62792.26,47917.2,0.03328118333096288,0.06974664679582712,0.19663865546218487,1.564102564102564,171.5635519125683
2026-02-01,S008,Himaxx Changsha Warehouse 8,Changsha,Central China,Himaxx Warehouse Outlet,Mall Warehouse,7103,3422,649,2773,3010,1044,337,331,500,86502.0,65201.74,0.04744474165845417,0.0967270601987142,0.3227969348659004,1.4836795252225519,173.004
2026-02-01,S009,Himaxx Changsha Warehouse 9,Changsha,Central China,Himaxx Warehouse Outlet,Mall Warehouse,6965,3198,682,2516,3175,1204,291,289,440,77506.58,57659.43,0.041780330222541275,0.09036898061288305,0.24169435215946844,1.5120274914089347,176.1513181818182
2026-02-01,S010,Himaxx Changsha Warehouse 10,Changsha,Central China,Himaxx Warehouse Outlet,Community Warehouse,7299,3458,810,2648,3108,1205,255,253,408,68102.48,50629.09,0.034936292642827785,0.07316367842683633,0.21161825726141079,1.6,166.9178431372549
2026-02-01,S011,Himaxx Chengdu Warehouse 11,Chengdu,West China,Himaxx Warehouse Outlet,Community Warehouse,7294,3471,802,2669,3362,1169,216,215,359,65489.2,46934.02,0.029613380860981628,0.061941803514837225,0.1847733105218135,1.662037037037037,182.42116991643454
2026-02-01,S012,Himaxx Beijing Warehouse 12,Beijing,North China,Himaxx Warehouse Outlet,Warehouse Outlet,7487,3537,778,2759,3461,1352,349,346,566,94067.46,68804.59,0.04661413116067851,0.0978230138535482,0.2581360946745562,1.6217765042979944,166.196925795053
2026-02-01,S013,Himaxx Shenzhen Warehouse 13,Shenzhen,South China,Himaxx Warehouse Outlet,Community Warehouse,8140,3980,813,3167,3631,1307,309,306,471,86701.76,64615.45,0.03796068796068796,0.07688442211055277,0.2364192807957154,1.5242718446601942,184.08016985138002
2026-02-01,S014,Himaxx Tianjin Warehouse 14,Tianjin,North China,Himaxx Warehouse Outlet,Shopping Center Warehouse,7038,3507,807,2700,3115,1104,201,201,316,56343.99,41662.21,0.02855924978687127,0.05731394354148845,0.18206521739130435,1.572139303482587,178.3037658227848
2026-02-01,S015,Himaxx Hangzhou Warehouse 15,Hangzhou,East China,Himaxx Warehouse Outlet,Mall Warehouse,7085,3452,760,2692,3072,1313,196,193,333,60178.78,45333.49,0.02766407904022583,0.05590961761297798,0.14927646610814926,1.6989795918367347,180.71705705705705
2026-02-01,S016,Himaxx Chengdu Warehouse 16,Chengdu,West China,Himaxx Warehouse Outlet,Shopping Center Warehouse,6739,3012,629,2383,3190,1095,351,350,595,108007.66,76907.84,0.0520848790621754,0.11620185922974767,0.32054794520547947,1.6951566951566952,181.52547899159666
2026-02-01,S017,Himaxx Hangzhou Warehouse 17,Hangzhou,East China,Himaxx Warehouse Outlet,Shopping Center Warehouse,6867,3396,747,2649,3139,1162,216,216,330,56244.41,37822.99,0.03145478374836173,0.0636042402826855,0.18588640275387264,1.5277777777777777,170.43760606060607
2026-02-01,S018,Himaxx Xi'an Warehouse 18,Xi'an,West China,Himaxx Warehouse Outlet,Mall Warehouse,7304,3492,773,2719,3155,1106,300,298,473,79968.93,61032.42,0.04107338444687842,0.08533791523482245,0.27124773960216997,1.5766666666666667,169.06750528541224
2026-02-01,S019,Himaxx Qingdao Warehouse 19,Qingdao,North China,Himaxx Warehouse Outlet,Shopping Center Warehouse,7193,3370,754,2616,3000,1068,195,195,332,53791.61,38369.22,0.02710968997636591,0.057863501483679525,0.18258426966292135,1.7025641025641025,162.022921686747
2026-02-01,S020,Himaxx Shanghai Warehouse 20,Shanghai,East China,Himaxx Warehouse Outlet,Warehouse Outlet,6593,3088,687,2401,3062,1202,335,333,546,95881.64,64230.73,0.0508114667071136,0.10783678756476683,0.27870216306156403,1.6298507462686567,175.60739926739927
2026-02-01,S021,Himaxx Changsha Warehouse 21,Changsha,Central China,Himaxx Warehouse Outlet,Pop-up Clearance Warehouse,6570,2987,672,2315,2914,1039,275,272,433,58929.88,44161.25,0.04185692541856925,0.09106126548376298,0.2646775745909528,1.5745454545454545,136.0967205542725
2026-02-01,S022,Himaxx Xiamen Warehouse 22,Xiamen,South China,Himaxx Warehouse Outlet,Mall Warehouse,7275,3602,727,2875,3068,1187,199,198,313,48441.29,33255.35,0.027353951890034364,0.054969461410327596,0.16764953664700927,1.5728643216080402,154.76450479233227
2026-02-01,S023,Himaxx Changsha Warehouse 23,Changsha,Central China,Himaxx Warehouse Outlet,Mall Warehouse,7750,3689,888,2801,3281,1229,269,268,402,70474.44,48509.64,0.03470967741935484,0.07264841420439143,0.21887713588283156,1.4944237918215613,175.30955223880596
2026-02-01,S024,Himaxx Chongqing Warehouse 24,Chongqing,West China,Himaxx Warehouse Outlet,Mall Warehouse,7501,3520,651,2869,3375,1254,165,164,267,45589.78,31539.31,0.021997067057725635,0.04659090909090909,0.13157894736842105,1.6181818181818182,170.74823970037454
2026-02-01,S025,Himaxx Hangzhou Warehouse 25,Hangzhou,East China,Himaxx Warehouse Outlet,Shopping Center Warehouse,7330,3470,800,2670,3209,1159,269,269,430,75214.95,53316.130000000005,0.03669849931787176,0.07752161383285303,0.23209663503019845,1.5985130111524164,174.918488372093
2026-02-01,S026,Himaxx Beijing Warehouse 26,Beijing,North China,Himaxx Warehouse Outlet,Shopping Center Warehouse,7346,3827,875,2952,3303,1123,354,351,555,96540.05,69814.97,0.048189490879390146,0.09171674941207211,0.31522707034728403,1.5677966101694916,173.94603603603605
2026-02-01,S027,Himaxx Chengdu Warehouse 27,Chengdu,West China,Himaxx Warehouse Outlet,Shopping Center Warehouse,7001,3280,700,2580,3066,1096,94,94,140,25461.01,18143.93,0.013426653335237824,0.028658536585365855,0.08576642335766424,1.4893617021276595,181.86435714285713
2026-02-01,S028,Himaxx Chongqing Warehouse 28,Chongqing,West China,Himaxx Warehouse Outlet,Warehouse Outlet,6634,3126,680,2446,3013,1207,178,176,294,53313.729999999996,42272.77,0.02683147422369611,0.0563019833653231,0.14747307373653687,1.651685393258427,181.3392176870748
2026-02-01,S029,Himaxx Suzhou Warehouse 29,Suzhou,East China,Himaxx Warehouse Outlet,Warehouse Outlet,7383,3398,776,2622,3530,1293,237,237,388,64782.89,49259.409999999996,0.0321007720438846,0.06974690994702766,0.18329466357308585,1.6371308016877637,166.96621134020617
2026-02-01,S030,Himaxx Beijing Warehouse 30,Beijing,North China,Himaxx Warehouse Outlet,Warehouse Outlet,7041,3474,726,2748,3307,1295,207,206,321,53662.04,35806.81,0.0293992330634853,0.059297639608520435,0.15984555984555984,1.5507246376811594,167.17146417445483
2026-02-01,S031,Himaxx Xi'an Warehouse 31,Xi'an,West China,Himaxx Warehouse Outlet,Warehouse Outlet,7630,3729,870,2859,3124,1197,172,172,268,45394.43,31882.78,0.022542595019659238,0.04612496647894878,0.14369256474519632,1.558139534883721,169.38220149253732
2026-02-01,S032,Himaxx Wuhan Warehouse 32,Wuhan,Central China,Himaxx Warehouse Outlet,Mall Warehouse,7480,3606,825,2781,3178,1193,246,246,408,72603.58,55097.01,0.03288770053475936,0.06821963394342762,0.20620284995808885,1.6585365853658536,177.94995098039217
2026-02-01,S033,Himaxx Chongqing Warehouse 33,Chongqing,West China,Himaxx Warehouse Outlet,Mall Warehouse,7539,3640,787,2853,3346,1228,189,189,335,57247.77,39685.71,0.025069637883008356,0.051923076923076926,0.15390879478827363,1.7724867724867726,170.88886567164178
2026-02-01,S034,Himaxx Shenzhen Warehouse 34,Shenzhen,South China,Himaxx Warehouse Outlet,Warehouse Outlet,7308,3234,641,2593,3324,1237,341,339,539,98588.36,71750.31,0.046661193212917354,0.10482374768089053,0.27566693613581245,1.5806451612903225,182.90975881261596
2026-02-01,S035,Himaxx Chongqing Warehouse 35,Chongqing,West China,Himaxx Warehouse Outlet,Pop-up Clearance Warehouse,7056,3163,655,2508,3098,1127,184,183,316,48276.86,34324.42,0.026077097505668934,0.057856465380967434,0.16326530612244897,1.7173913043478262,152.77487341772152
2026-02-01,S036,Himaxx Nanjing Warehouse 36,Nanjing,East China,Himaxx Warehouse Outlet,Warehouse Outlet,6488,3126,715,2411,2680,1017,230,230,350,65038.11,52195.159999999996,0.03545006165228114,0.07357645553422905,0.22615535889872174,1.5217391304347827,185.82317142857144
2026-02-01,S037,Himaxx Shenzhen Warehouse 37,Shenzhen,South China,Himaxx Warehouse Outlet,Warehouse Outlet,7167,3600,789,2811,3274,1176,160,160,251,42112.11,28739.420000000002,0.022324543044509558,0.044444444444444446,0.1360544217687075,1.56875,167.77733067729085
2026-02-01,S038,Himaxx Qingdao Warehouse 38,Qingdao,North China,Himaxx Warehouse Outlet,Warehouse Outlet,6732,3086,728,2358,3082,1130,302,301,443,75194.85,51370.72,0.04486036838978016,0.09753726506804926,0.2672566371681416,1.466887417218543,169.7400677200903
2026-02-01,S039,Himaxx Shenzhen Warehouse 39,Shenzhen,South China,Himaxx Warehouse Outlet,Pop-up Clearance Warehouse,7675,3380,721,2659,3543,1247,270,269,453,63225.57,45793.68,0.03517915309446254,0.07958579881656805,0.2165196471531676,1.6777777777777778,139.57079470198676
2026-02-01,S040,Himaxx Xiamen Warehouse 40,Xiamen,South China,Himaxx Warehouse Outlet,Warehouse Outlet,6991,3039,687,2352,3331,1319,322,320,505,84889.78,65510.43,0.04605921899585181,0.10529779532741033,0.2441243366186505,1.5683229813664596,168.09857425742575
2026-02-01,S041,Himaxx Shanghai Warehouse 41,Shanghai,East China,Himaxx Warehouse Outlet,Shopping Center Warehouse,6629,3200,686,2514,2548,877,161,161,257,41737.14,30317.0,0.024287222808870117,0.0503125,0.18358038768529075,1.5962732919254659,162.40132295719843
2026-02-01,S042,Himaxx Shanghai Warehouse 42,Shanghai,East China,Himaxx Warehouse Outlet,Community Warehouse,7440,3743,867,2876,3421,1307,303,301,496,83506.47,62263.06,0.0407258064516129,0.08041677798557308,0.23182861514919664,1.636963696369637,168.3598185483871
2026-02-01,S043,Himaxx Hangzhou Warehouse 43,Hangzhou,East China,Himaxx Warehouse Outlet,Warehouse Outlet,6216,2992,635,2357,2879,1036,265,263,418,67021.48,48582.98,0.042631917631917635,0.08790106951871658,0.2557915057915058,1.5773584905660378,160.33846889952153
2026-02-01,S044,Himaxx Changsha Warehouse 44,Changsha,Central China,Himaxx Warehouse Outlet,Community Warehouse,6693,2959,660,2299,3076,1137,278,278,469,82179.07,58005.44,0.04153593306439564,0.09395065900642109,0.24450307827616535,1.6870503597122302,175.22189765458424
2026-02-01,S045,Himaxx Beijing Warehouse 45,Beijing,North China,Himaxx Warehouse Outlet,Warehouse Outlet,7039,3131,687,2444,3020,1088,249,247,413,69773.19,51024.65,0.035374342946441255,0.07888853401469179,0.22886029411764705,1.6586345381526104,168.94234866828089
2026-02-01,S046,Himaxx Shanghai Warehouse 46,Shanghai,East China,Himaxx Warehouse Outlet,Shopping Center Warehouse,7522,3615,867,2748,3421,1208,277,276,432,74915.48,52410.4,0.036825312416910394,0.07634854771784233,0.2293046357615894,1.55956678700361,173.41546296296295
2026-02-01,S047,Himaxx Xiamen Warehouse 47,Xiamen,South China,Himaxx Warehouse Outlet,Warehouse Outlet,7042,3119,698,2421,3193,1014,253,253,421,69428.2,52166.46,0.03592729338256177,0.08111574222507213,0.2495069033530572,1.6640316205533596,164.9125890736342
2026-02-01,S048,Himaxx Chongqing Warehouse 48,Chongqing,West China,Himaxx Warehouse Outlet,Mall Warehouse,6994,3330,737,2593,3075,1046,225,224,335,54523.34,37261.04,0.03217043179868459,0.06726726726726727,0.21510516252390058,1.488888888888889,162.75623880597013
2026-02-01,S049,Himaxx Shenzhen Warehouse 49,Shenzhen,South China,Himaxx Warehouse Outlet,Warehouse Outlet,6682,3163,711,2452,3065,1242,325,325,502,78448.9,57076.14,0.048638132295719845,0.10275055327220993,0.2616747181964573,1.5446153846153847,156.2727091633466
2026-02-01,S050,Himaxx Suzhou Warehouse 50,Suzhou,East China,Himaxx Warehouse Outlet,Community Warehouse,5817,2668,610,2058,2630,963,198,198,316,55617.99,40945.74,0.03403816400206292,0.07421289355322339,0.205607476635514,1.595959595959596,176.00629746835443
2026-02-01,S051,Himaxx Qingdao Warehouse 51,Qingdao,North China,Himaxx Warehouse Outlet,Shopping Center Warehouse,7431,3436,789,2647,3231,1227,248,248,393,69266.2,50677.58,0.03337370475037007,0.07217694994179279,0.20211898940505296,1.5846774193548387,176.24987277353688
2026-02-01,S052,Himaxx Shanghai Warehouse 52,Shanghai,East China,Himaxx Warehouse Outlet,Shopping Center Warehouse,6364,2726,643,2083,2763,1041,206,206,339,59297.81,43930.4,0.03236957888120679,0.07556859867938372,0.1978866474543708,1.645631067961165,174.91979351032447
2026-02-01,S053,Himaxx Chongqing Warehouse 53,Chongqing,West China,Himaxx Warehouse Outlet,Warehouse Outlet,7124,3074,720,2354,3031,1034,326,325,516,91059.76,68477.36,0.04576080853453116,0.10572543916720885,0.3152804642166344,1.5828220858895705,176.47240310077518
2026-02-01,S054,Himaxx Tianjin Warehouse 54,Tianjin,North China,Himaxx Warehouse Outlet,Community Warehouse,6093,2891,647,2244,2714,1012,309,308,505,87609.84,63872.77,0.05071393402264894,0.10653753026634383,0.30533596837944665,1.6343042071197411,173.48483168316832
2026-02-01,S055,Himaxx Xiamen Warehouse 55,Xiamen,South China,Himaxx Warehouse Outlet,Mall Warehouse,7820,3900,883,3017,3260,1115,327,325,516,80138.26,58182.26,0.0418158567774936,0.08333333333333333,0.2932735426008969,1.5779816513761469,155.3067054263566
2026-02-01,S056,Himaxx Nanjing Warehouse 56,Nanjing,East China,Himaxx Warehouse Outlet,Warehouse Outlet,6690,3303,814,2489,3064,1301,278,278,440,69739.66,48243.2,0.04155455904334828,0.0841659097789888,0.21368178324365872,1.5827338129496402,158.49922727272727
2026-02-01,S057,Himaxx Shanghai Warehouse 57,Shanghai,East China,Himaxx Warehouse Outlet,Warehouse Outlet,7263,3276,698,2578,3533,1336,248,248,394,67171.04,47803.86,0.03414566983340218,0.0757020757020757,0.18562874251497005,1.5887096774193548,170.48487309644668
2026-02-01,S058,Himaxx Xiamen Warehouse 58,Xiamen,South China,Himaxx Warehouse Outlet,Shopping Center Warehouse,6594,3183,762,2421,2824,1126,184,184,282,48044.09,34643.43,0.027904155292690323,0.05780710021991831,0.16341030195381884,1.5326086956521738,170.3691134751773
2026-02-01,S059,Himaxx Suzhou Warehouse 59,Suzhou,East China,Himaxx Warehouse Outlet,Mall Warehouse,6616,3170,707,2463,2861,1194,151,151,251,39633.66,27344.61,0.022823458282950425,0.04763406940063091,0.12646566164154105,1.6622516556291391,157.90302788844622
2026-02-01,S060,Himaxx Xi'an Warehouse 60,Xi'an,West China,Himaxx Warehouse Outlet,Mall Warehouse,7357,3484,814,2670,3015,1071,292,291,466,75847.16,55860.29,0.03969009106972951,0.08352468427095293,0.2726423902894491,1.595890410958904,162.76214592274678
2026-02-01,S061,Himaxx Xiamen Warehouse 61,Xiamen,South China,Himaxx Warehouse Outlet,Community Warehouse,7474,3624,800,2824,3321,1189,126,126,214,36628.97,25565.89,0.01685844260101686,0.0347682119205298,0.10597140454163162,1.6984126984126984,171.16341121495327
2026-02-01,S062,Himaxx Xi'an Warehouse 62,Xi'an,West China,Himaxx Warehouse Outlet,Community Warehouse,7472,3418,737,2681,3353,1373,303,301,476,80646.08,56483.47,0.04055139186295503,0.08806319485078994,0.22068463219227968,1.5709570957095709,169.42453781512606
2026-02-01,S063,Himaxx Nanjing Warehouse 63,Nanjing,East China,Himaxx Warehouse Outlet,Mall Warehouse,7216,3430,700,2730,2913,1066,123,123,197,32749.92,23860.58,0.017045454545454544,0.0358600583090379,0.11538461538461539,1.6016260162601625,166.24324873096447
2026-02-01,S064,Himaxx Guangzhou Warehouse 64,Guangzhou,South China,Himaxx Warehouse Outlet,Shopping Center Warehouse,7425,3336,715,2621,3268,1194,313,310,539,96619.6,70534.6,0.04215488215488215,0.09292565947242207,0.26214405360134,1.7220447284345048,179.25714285714287
2026-02-01,S065,Himaxx Tianjin Warehouse 65,Tianjin,North China,Himaxx Warehouse Outlet,Shopping Center Warehouse,7269,3549,851,2698,2769,999,264,264,410,71357.11,52320.72,0.03631861328931077,0.07438715131022823,0.26426426426426425,1.553030303030303,174.04173170731707
2026-02-01,S066,Himaxx Tianjin Warehouse 66,Tianjin,North China,Himaxx Warehouse Outlet,Shopping Center Warehouse,6880,3198,763,2435,3260,1294,155,155,243,45000.01,32558.13,0.02252906976744186,0.0484677923702314,0.11978361669242658,1.5677419354838709,185.18522633744857
2026-02-01,S067,Himaxx Beijing Warehouse 67,Beijing,North China,Himaxx Warehouse Outlet,Shopping Center Warehouse,7507,3604,821,2783,3617,1333,279,278,427,71825.91,53102.020000000004,0.037165312375116555,0.07713651498335183,0.20930232558139536,1.5304659498207884,168.21056206088994
2026-02-01,S068,Himaxx Suzhou Warehouse 68,Suzhou,East China,Himaxx Warehouse Outlet,Mall Warehouse,6599,3162,667,2495,3085,1277,241,240,408,76689.36,53563.79,0.03652068495226549,0.07590132827324478,0.18872357086922475,1.6929460580912863,187.96411764705883
2026-02-01,S069,Himaxx Beijing Warehouse 69,Beijing,North China,Himaxx Warehouse Outlet,Warehouse Outlet,6702,3605,868,2737,2994,1091,218,217,356,56473.88,36658.95,0.032527603700387944,0.06019417475728155,0.1998166819431714,1.6330275229357798,158.63449438202247
2026-02-01,S070,Himaxx Changsha Warehouse 70,Changsha,Central China,Himaxx Warehouse Outlet,Shopping Center Warehouse,6997,3302,757,2545,3411,1336,115,115,209,38104.79,30002.28,0.016435615263684436,0.034827377347062385,0.08607784431137724,1.817391304347826,182.31956937799043
2026-02-01,S071,Himaxx Qingdao Warehouse 71,Qingdao,North China,Himaxx Warehouse Outlet,Warehouse Outlet,7510,3158,653,2505,3692,1437,234,234,377,65408.33,44490.15,0.03115845539280959,0.0740975300823306,0.162839248434238,1.6111111111111112,173.49689655172415
2026-02-01,S072,Himaxx Changsha Warehouse 72,Changsha,Central China,Himaxx Warehouse Outlet,Community Warehouse,7481,3579,763,2816,3513,1376,166,165,265,47953.42,32130.829999999998,0.022189546852025132,0.04610226320201174,0.12063953488372094,1.5963855421686748,180.95630188679246
2026-02-01,S073,Himaxx Tianjin Warehouse 73,Tianjin,North China,Himaxx Warehouse Outlet,Mall Warehouse,7414,3544,775,2769,2982,1044,286,285,434,80780.29,59068.53,0.03857566765578635,0.0804176072234763,0.2739463601532567,1.5174825174825175,186.12970046082947
2026-02-01,S074,Himaxx Tianjin Warehouse 74,Tianjin,North China,Himaxx Warehouse Outlet,Warehouse Outlet,6177,2986,640,2346,2769,1098,331,331,522,88993.62,65777.59,0.05358588311478064,0.11085063630274615,0.30145719489981787,1.5770392749244713,170.4858620689655
2026-02-01,S075,Himaxx Shenzhen Warehouse 75,Shenzhen,South China,Himaxx Warehouse Outlet,Warehouse Outlet,6685,3259,686,2573,3133,1229,241,240,404,71847.05,46860.32,0.03605086013462977,0.0736422215403498,0.19609438567941415,1.6763485477178424,177.83923267326733
2026-02-01,S076,Himaxx Nanjing Warehouse 76,Nanjing,East China,Himaxx Warehouse Outlet,Warehouse Outlet,6975,3426,806,2620,3011,1113,179,178,303,50169.82,38256.98,0.025663082437275987,0.05195563339171045,0.16082659478885894,1.6927374301675977,165.57696369636963
2026-03-01,S001,Himaxx Beijing Warehouse 1,Beijing,North China,Himaxx Warehouse Outlet,Mall Warehouse,7614,3690,876,2814,3276,1253,427,422,678,114893.03,78780.61,0.056080903598634095,0.11436314363143632,0.3407821229050279,1.5878220140515222,169.45874631268435
2026-03-01,S002,Himaxx Nanjing Warehouse 2,Nanjing,East China,Himaxx Warehouse Outlet,Shopping Center Warehouse,8796,4001,866,3135,3730,1375,255,252,398,69896.91,52983.91,0.02899045020463847,0.06298425393651587,0.18545454545454546,1.5607843137254902,175.62037688442211
2026-03-01,S003,Himaxx Shenzhen Warehouse 3,Shenzhen,South China,Himaxx Warehouse Outlet,Warehouse Outlet,8171,4146,969,3177,3474,1227,169,169,271,45181.72,33497.62,0.020682902949455392,0.04076218041485769,0.13773431132844335,1.6035502958579881,166.72221402214024
2026-03-01,S004,Himaxx Xiamen Warehouse 4,Xiamen,South China,Himaxx Warehouse Outlet,Pop-up Clearance Warehouse,8180,4034,938,3096,3874,1615,229,228,346,49050.16,36281.99,0.027995110024449876,0.05651958353991076,0.1417956656346749,1.5109170305676856,141.7634682080925
2026-03-01,S005,Himaxx Changsha Warehouse 5,Changsha,Central China,Himaxx Warehouse Outlet,Shopping Center Warehouse,7522,3585,753,2832,3420,1291,243,242,398,69921.38,50231.16,0.03230523796862537,0.06750348675034867,0.1882261812548412,1.6378600823045268,175.68185929648243
2026-03-01,S006,Himaxx Qingdao Warehouse 6,Qingdao,North China,Himaxx Warehouse Outlet,Warehouse Outlet,7458,3447,718,2729,3265,1214,209,208,330,51366.48,40996.39,0.028023598820058997,0.06034232666086452,0.17215815485996705,1.5789473684210527,155.656
2026-03-01,S007,Himaxx Wuhan Warehouse 7,Wuhan,Central China,Himaxx Warehouse Outlet,Mall Warehouse,7808,3569,891,2678,3329,1210,274,270,432,70661.6,52991.9,0.0350922131147541,0.07565144298122724,0.22644628099173553,1.5766423357664234,163.56851851851854
2026-03-01,S008,Himaxx Changsha Warehouse 8,Changsha,Central China,Himaxx Warehouse Outlet,Mall Warehouse,7680,3353,733,2620,3488,1436,323,322,553,93990.08,65268.72,0.04205729166666667,0.09603340292275574,0.22493036211699163,1.7120743034055728,169.96397830018083
2026-03-01,S009,Himaxx Changsha Warehouse 9,Changsha,Central China,Himaxx Warehouse Outlet,Mall Warehouse,8145,3603,746,2857,3655,1345,302,301,481,79737.43000000001,58699.6,0.03707796193984039,0.08354149320011102,0.2245353159851301,1.5927152317880795,165.77428274428277
2026-03-01,S010,Himaxx Changsha Warehouse 10,Changsha,Central China,Himaxx Warehouse Outlet,Community Warehouse,7830,3865,805,3060,3317,1205,299,297,517,95646.74,73674.63,0.03818646232439336,0.07684346701164295,0.24813278008298756,1.7290969899665551,185.0033655705996
2026-03-01,S011,Himaxx Chengdu Warehouse 11,Chengdu,West China,Himaxx Warehouse Outlet,Community Warehouse,8073,3724,806,2918,3319,1276,222,222,352,59518.3,43608.13,0.027499070977331848,0.059613319011815255,0.17398119122257052,1.5855855855855856,169.08607954545457
2026-03-01,S012,Himaxx Beijing Warehouse 12,Beijing,North China,Himaxx Warehouse Outlet,Warehouse Outlet,8024,3766,807,2959,3529,1388,406,404,629,106798.61,74970.7,0.05059820538384845,0.10727562400424855,0.29250720461095103,1.5492610837438423,169.79111287758346
2026-03-01,S013,Himaxx Shenzhen Warehouse 13,Shenzhen,South China,Himaxx Warehouse Outlet,Community Warehouse,7553,3617,887,2730,3246,1142,396,394,651,118352.11,88073.33,0.052429498212630744,0.10893005252972077,0.3467600700525394,1.643939393939394,181.8004761904762
2026-03-01,S014,Himaxx Tianjin Warehouse 14,Tianjin,North China,Himaxx Warehouse Outlet,Shopping Center Warehouse,7250,3576,838,2738,3317,1159,226,224,377,67766.2,49891.76,0.031172413793103447,0.06263982102908278,0.19499568593615185,1.668141592920354,179.75119363395225
2026-03-01,S015,Himaxx Hangzhou Warehouse 15,Hangzhou,East China,Himaxx Warehouse Outlet,Mall Warehouse,6812,3152,698,2454,3029,1224,273,270,446,70552.84,50164.25,0.04007633587786259,0.08565989847715735,0.22303921568627452,1.6336996336996337,158.19022421524662
2026-03-01,S016,Himaxx Chengdu Warehouse 16,Chengdu,West China,Himaxx Warehouse Outlet,Shopping Center Warehouse,7401,3455,771,2684,3337,1172,407,403,639,107392.79,78943.34,0.05499256857181462,0.1166425470332851,0.34726962457337884,1.57002457002457,168.06383411580595
2026-03-01,S017,Himaxx Hangzhou Warehouse 17,Hangzhou,East China,Himaxx Warehouse Outlet,Shopping Center Warehouse,8215,4075,917,3158,3789,1556,258,257,382,63310.09,48107.92,0.03140596469872185,0.06306748466257668,0.16580976863753213,1.4806201550387597,165.73321989528796
2026-03-01,S018,Himaxx Xi'an Warehouse 18,Xi'an,West China,Himaxx Warehouse Outlet,Mall Warehouse,7762,3567,804,2763,3372,1262,306,305,462,76378.01,55719.85,0.03942282916774027,0.08550602747406784,0.24247226624405704,1.5098039215686274,165.32036796536795
2026-03-01,S019,Himaxx Qingdao Warehouse 19,Qingdao,North China,Himaxx Warehouse Outlet,Shopping Center Warehouse,6951,3371,678,2693,3477,1223,187,187,280,47872.5,37420.9,0.026902603941878867,0.05547315336695342,0.15290269828291086,1.4973262032085561,170.97321428571428
2026-03-01,S020,Himaxx Shanghai Warehouse 20,Shanghai,East China,Himaxx Warehouse Outlet,Warehouse Outlet,6990,3257,722,2535,3274,1290,337,334,595,112115.57,85465.77,0.04821173104434907,0.10254835738409579,0.26124031007751936,1.7655786350148368,188.42952941176472
2026-03-01,S021,Himaxx Changsha Warehouse 21,Changsha,Central China,Himaxx Warehouse Outlet,Pop-up Clearance Warehouse,7723,3498,764,2734,3712,1408,358,354,550,83912.99,59165.79,0.046355043376926065,0.10120068610634649,0.25426136363636365,1.5363128491620113,152.56907272727273
2026-03-01,S022,Himaxx Xiamen Warehouse 22,Xiamen,South China,Himaxx Warehouse Outlet,Mall Warehouse,8578,3733,783,2950,3669,1344,209,209,336,59658.47,44899.16,0.02436465376544649,0.055987141709081166,0.15550595238095238,1.6076555023923444,177.55497023809525
2026-03-01,S023,Himaxx Changsha Warehouse 23,Changsha,Central China,Himaxx Warehouse Outlet,Mall Warehouse,7855,3812,854,2958,3646,1222,341,338,548,93931.61,67730.06,0.043411839592616165,0.08866736621196222,0.279050736497545,1.6070381231671553,171.40804744525548
2026-03-01,S024,Himaxx Chongqing Warehouse 24,Chongqing,West China,Himaxx Warehouse Outlet,Mall Warehouse,8168,3947,875,3072,3872,1469,154,153,239,36634.57,27561.19,0.018854064642507346,0.03876361793767418,0.10483321987746766,1.551948051948052,153.28271966527197
2026-03-01,S025,Himaxx Hangzhou Warehouse 25,Hangzhou,East China,Himaxx Warehouse Outlet,Shopping Center Warehouse,8457,4143,905,3238,3497,1278,279,276,438,73063.08,54872.44,0.03299042213550905,0.0666183924692252,0.21830985915492956,1.5698924731182795,166.81068493150684
2026-03-01,S026,Himaxx Beijing Warehouse 26,Beijing,North China,Himaxx Warehouse Outlet,Shopping Center Warehouse,7706,3596,862,2734,3628,1312,389,385,615,113336.75,77987.04000000001,0.0504801453412925,0.10706340378197998,0.2964939024390244,1.5809768637532133,184.28739837398373
2026-03-01,S027,Himaxx Chengdu Warehouse 27,Chengdu,West China,Himaxx Warehouse Outlet,Shopping Center Warehouse,7631,3516,751,2765,3429,1248,109,109,184,32911.38,23444.52,0.014283842222513433,0.031001137656427757,0.08733974358974358,1.688073394495413,178.8661956521739
2026-03-01,S028,Himaxx Chongqing Warehouse 28,Chongqing,West China,Himaxx Warehouse Outlet,Warehouse Outlet,9008,4098,827,3271,4099,1416,182,182,278,42480.75,27923.66,0.020204262877442272,0.04441190824792582,0.1285310734463277,1.5274725274725274,152.80845323741008
2026-03-01,S029,Himaxx Suzhou Warehouse 29,Suzhou,East China,Himaxx Warehouse Outlet,Warehouse Outlet,7968,3978,936,3042,3589,1410,250,249,393,68211.95,51301.13,0.03137550200803213,0.06259426847662142,0.1773049645390071,1.572,173.56730279898218
2026-03-01,S030,Himaxx Beijing Warehouse 30,Beijing,North China,Himaxx Warehouse Outlet,Warehouse Outlet,7388,3616,869,2747,3198,1189,235,235,370,63162.340000000004,45214.65,0.03180833784515431,0.06498893805309734,0.19764507989907484,1.574468085106383,170.70902702702705
2026-03-01,S031,Himaxx Xi'an Warehouse 31,Xi'an,West China,Himaxx Warehouse Outlet,Warehouse Outlet,7378,3421,842,2579,3783,1425,208,208,349,57866.58,37844.47,0.02819192193006235,0.06080093539900614,0.14596491228070174,1.6778846153846154,165.8068194842407
2026-03-01,S032,Himaxx Wuhan Warehouse 32,Wuhan,Central China,Himaxx Warehouse Outlet,Mall Warehouse,8221,3726,856,2870,3956,1521,241,241,391,62407.02,44937.2,0.02931516847098893,0.06468062265163714,0.15844838921762,1.6224066390041494,159.60874680306904
2026-03-01,S033,Himaxx Chongqing Warehouse 33,Chongqing,West China,Himaxx Warehouse Outlet,Mall Warehouse,7831,3783,821,2962,3645,1458,232,231,360,68094.21,46698.4,0.02962584599667986,0.06106264869151467,0.15912208504801098,1.5517241379310345,189.15058333333334
2026-03-01,S034,Himaxx Shenzhen Warehouse 34,Shenzhen,South China,Himaxx Warehouse Outlet,Warehouse Outlet,9129,4332,832,3500,4284,1402,375,371,576,99580.11,73355.58,0.04107788366743345,0.08564173591874423,0.2674750356633381,1.536,172.88213541666667
2026-03-01,S035,Himaxx Chongqing Warehouse 35,Chongqing,West China,Himaxx Warehouse Outlet,Pop-up Clearance Warehouse,7426,3513,753,2760,3281,1229,198,198,305,42583.27,29538.3,0.026663075680043093,0.05636208368915457,0.161106590724166,1.5404040404040404,139.61727868852458
2026-03-01,S036,Himaxx Nanjing Warehouse 36,Nanjing,East China,Himaxx Warehouse Outlet,Warehouse Outlet,6595,3109,654,2455,2977,1104,267,263,401,64324.2,45084.369999999995,0.04048521607278241,0.08459311675779993,0.2418478260869565,1.5018726591760299,160.40947630922693
2026-03-01,S037,Himaxx Shenzhen Warehouse 37,Shenzhen,South China,Himaxx Warehouse Outlet,Warehouse Outlet,6949,3508,741,2767,3242,1219,195,192,314,47473.01,34078.05,0.02806159159591308,0.05473204104903079,0.15996718621821165,1.6102564102564103,151.18792993630575
2026-03-01,S038,Himaxx Qingdao Warehouse 38,Qingdao,North China,Himaxx Warehouse Outlet,Warehouse Outlet,7177,3291,795,2496,3309,1153,347,344,558,100873.49,70673.2,0.048348892294830706,0.10452749924035247,0.30095403295750217,1.6080691642651297,180.77686379928318
2026-03-01,S039,Himaxx Shenzhen Warehouse 39,Shenzhen,South China,Himaxx Warehouse Outlet,Pop-up Clearance Warehouse,8217,3760,787,2973,3774,1391,292,292,465,68805.57,47997.41,0.03553608372885481,0.07765957446808511,0.20992092020129402,1.5924657534246576,147.9689677419355
2026-03-01,S040,Himaxx Xiamen Warehouse 40,Xiamen,South China,Himaxx Warehouse Outlet,Warehouse Outlet,7788,3609,799,2810,3741,1318,406,402,619,102075.24,73929.01,0.05213148433487417,0.1113881961762261,0.30804248861911987,1.5246305418719213,164.90345718901455
2026-03-01,S041,Himaxx Shanghai Warehouse 41,Shanghai,East China,Himaxx Warehouse Outlet,Shopping Center Warehouse,8017,3708,806,2902,3647,1261,153,153,242,36940.55,24021.45,0.01908444555319945,0.0412621359223301,0.12133227597145123,1.5816993464052287,152.64690082644628
2026-03-01,S042,Himaxx Shanghai Warehouse 42,Shanghai,East China,Himaxx Warehouse Outlet,Community Warehouse,7454,3600,731,2869,3265,1252,338,338,553,91902.25,67823.26,0.04534478132546284,0.09388888888888888,0.26996805111821087,1.636094674556213,166.1885171790235
2026-03-01,S043,Himaxx Hangzhou Warehouse 43,Hangzhou,East China,Himaxx Warehouse Outlet,Warehouse Outlet,8000,3538,818,2720,3564,1329,294,292,473,81605.66,53738.08,0.03675,0.08253250423968343,0.22121896162528218,1.6088435374149659,172.527822410148
2026-03-01,S044,Himaxx Changsha Warehouse 44,Changsha,Central China,Himaxx Warehouse Outlet,Community Warehouse,7444,3667,792,2875,3212,1238,302,302,476,78153.53,54964.22,0.04056958624395486,0.08235614944095991,0.24394184168012925,1.576158940397351,164.18808823529412
2026-03-01,S045,Himaxx Beijing Warehouse 45,Beijing,North China,Himaxx Warehouse Outlet,Warehouse Outlet,7635,3529,838,2691,3440,1320,286,285,457,78215.88,51551.119999999995,0.03745907007203667,0.08075942193255879,0.21666666666666667,1.597902097902098,171.15072210065645
2026-03-01,S046,Himaxx Shanghai Warehouse 46,Shanghai,East China,Himaxx Warehouse Outlet,Shopping Center Warehouse,7649,3737,797,2940,3250,1378,330,328,511,87204.73,68867.35,0.04314289449601255,0.08777093925608777,0.23947750362844702,1.5484848484848486,170.65504892367906
2026-03-01,S047,Himaxx Xiamen Warehouse 47,Xiamen,South China,Himaxx Warehouse Outlet,Warehouse Outlet,8073,3643,821,2822,3696,1366,272,271,439,80260.91,59160.47,0.03369255543168587,0.07438923963766127,0.19912152269399708,1.6139705882352942,182.8266742596811
2026-03-01,S048,Himaxx Chongqing Warehouse 48,Chongqing,West China,Himaxx Warehouse Outlet,Mall Warehouse,7148,3581,790,2791,3281,1161,264,263,416,65170.44,47504.39,0.03693340794627868,0.07344317229824071,0.22739018087855298,1.5757575757575757,156.65971153846155
2026-03-01,S049,Himaxx Shenzhen Warehouse 49,Shenzhen,South China,Himaxx Warehouse Outlet,Warehouse Outlet,6952,3228,634,2594,3260,1191,365,365,582,92251.61,70046.64,0.05250287686996548,0.11307311028500619,0.3064651553316541,1.5945205479452054,158.5079209621993
2026-03-01,S050,Himaxx Suzhou Warehouse 50,Suzhou,East China,Himaxx Warehouse Outlet,Community Warehouse,7570,3576,783,2793,3163,1274,209,209,341,60534.78,43594.74,0.027608982826948483,0.058445190156599554,0.1640502354788069,1.631578947368421,177.52134897360705
2026-03-01,S051,Himaxx Qingdao Warehouse 51,Qingdao,North China,Himaxx Warehouse Outlet,Shopping Center Warehouse,7545,3447,743,2704,3413,1239,275,274,438,78640.02,58491.19,0.03644797879390325,0.07948941108210038,0.22195318805488298,1.5927272727272728,179.54342465753425
2026-03-01,S052,Himaxx Shanghai Warehouse 52,Shanghai,East China,Himaxx Warehouse Outlet,Shopping Center Warehouse,7963,3857,902,2955,3737,1479,254,254,387,71222.27,48045.81,0.031897526058018336,0.06585429089966295,0.17173766058147397,1.5236220472440944,184.03687338501294
2026-03-01,S053,Himaxx Chongqing Warehouse 53,Chongqing,West China,Himaxx Warehouse Outlet,Warehouse Outlet,7892,3685,616,3069,3790,1405,354,352,595,91622.58,66827.44,0.04485554992397364,0.0955223880597015,0.25195729537366546,1.6807909604519775,153.9875294117647
2026-03-01,S054,Himaxx Tianjin Warehouse 54,Tianjin,North China,Himaxx Warehouse Outlet,Community Warehouse,7880,3675,735,2940,3530,1178,368,365,584,101388.22,75120.2,0.046700507614213196,0.09931972789115646,0.31239388794567063,1.5869565217391304,173.60996575342466
2026-03-01,S055,Himaxx Xiamen Warehouse 55,Xiamen,South China,Himaxx Warehouse Outlet,Mall Warehouse,8161,3846,934,2912,3488,1303,370,368,578,100736.29,72881.94,0.04533758117877711,0.09568382735309412,0.283960092095165,1.5621621621621622,174.28423875432526
2026-03-01,S056,Himaxx Nanjing Warehouse 56,Nanjing,East China,Himaxx Warehouse Outlet,Warehouse Outlet,7298,3476,709,2767,3445,1357,347,345,548,91820.58,65832.83,0.047547273225541246,0.09925201380897583,0.2557111274871039,1.579250720461095,167.55580291970804
2026-03-01,S057,Himaxx Shanghai Warehouse 57,Shanghai,East China,Himaxx Warehouse Outlet,Warehouse Outlet,7644,3095,784,2311,3050,1170,235,235,373,57724.26,36632.45,0.030743066457352173,0.07592891760904685,0.20085470085470086,1.5872340425531914,154.7567292225201
2026-03-01,S058,Himaxx Xiamen Warehouse 58,Xiamen,South China,Himaxx Warehouse Outlet,Shopping Center Warehouse,7475,3622,858,2764,3440,1342,204,203,338,59511.840000000004,41847.66,0.027290969899665552,0.05604638321369409,0.15201192250372578,1.6568627450980393,176.07053254437872
2026-03-01,S059,Himaxx Suzhou Warehouse 59,Suzhou,East China,Himaxx Warehouse Outlet,Mall Warehouse,7699,3597,821,2776,3197,1060,155,154,262,47515.37,38781.77,0.0201324847382777,0.04281345565749235,0.14622641509433962,1.6903225806451614,181.35637404580154
2026-03-01,S060,Himaxx Xi'an Warehouse 60,Xi'an,West China,Himaxx Warehouse Outlet,Mall Warehouse,7373,3432,804,2628,3068,1089,386,383,645,100601.23,73046.38,0.05235318052353181,0.11159673659673659,0.3544536271808999,1.6709844559585492,155.9708992248062
2026-03-01,S061,Himaxx Xiamen Warehouse 61,Xiamen,South China,Himaxx Warehouse Outlet,Community Warehouse,7064,3457,768,2689,3310,1240,124,124,198,32538.989999999998,25177.75,0.017553793884484713,0.03586925079548742,0.1,1.596774193548387,164.3383333333333
2026-03-01,S062,Himaxx Xi'an Warehouse 62,Xi'an,West China,Himaxx Warehouse Outlet,Community Warehouse,7162,3373,743,2630,3299,1148,301,298,449,74866.86,55284.729999999996,0.04202736665735828,0.08834865105247554,0.2621951219512195,1.4916943521594683,166.74133630289532
2026-03-01,S063,Himaxx Nanjing Warehouse 63,Nanjing,East China,Himaxx Warehouse Outlet,Mall Warehouse,7951,3829,952,2877,3191,1153,147,147,224,36031.24,26296.46,0.018488240472896492,0.038391224862888484,0.12749349522983522,1.5238095238095237,160.85375
2026-03-01,S064,Himaxx Guangzhou Warehouse 64,Guangzhou,South China,Himaxx Warehouse Outlet,Shopping Center Warehouse,7958,3779,829,2950,3552,1337,317,317,496,92119.56999999999,65875.44,0.039834129178185476,0.08388462556231807,0.23709798055347794,1.5646687697160884,185.724939516129
2026-03-01,S065,Himaxx Tianjin Warehouse 65,Tianjin,North China,Himaxx Warehouse Outlet,Shopping Center Warehouse,8009,3738,757,2981,3248,1224,291,287,464,86703.92,59030.01,0.03633412411037583,0.07677902621722846,0.23774509803921567,1.5945017182130585,186.86189655172413
2026-03-01,S066,Himaxx Tianjin Warehouse 66,Tianjin,North China,Himaxx Warehouse Outlet,Shopping Center Warehouse,6457,3018,671,2347,3184,1154,178,178,283,54301.479999999996,41281.74,0.027566981570388727,0.058979456593770706,0.15424610051993068,1.5898876404494382,191.87802120141342
2026-03-01,S067,Himaxx Beijing Warehouse 67,Beijing,North China,Himaxx Warehouse Outlet,Shopping Center Warehouse,6755,3092,709,2383,3154,1153,268,268,416,73870.0,59252.33,0.03967431532198372,0.08667529107373868,0.23243712055507373,1.5522388059701493,177.5721153846154
2026-03-01,S068,Himaxx Suzhou Warehouse 68,Suzhou,East China,Himaxx Warehouse Outlet,Mall Warehouse,7334,3454,753,2701,3302,1216,268,267,452,74430.44,53203.78,0.03654213253340605,0.07730167921250723,0.22039473684210525,1.6865671641791045,164.6691150442478
2026-03-01,S069,Himaxx Beijing Warehouse 69,Beijing,North China,Himaxx Warehouse Outlet,Warehouse Outlet,7965,3536,742,2794,3810,1291,270,268,412,72534.91,55185.22,0.03389830508474576,0.0757918552036199,0.209140201394268,1.525925925925926,176.0556067961165
2026-03-01,S070,Himaxx Changsha Warehouse 70,Changsha,Central China,Himaxx Warehouse Outlet,Shopping Center Warehouse,7366,3687,946,2741,3410,1355,145,145,223,41465.05,29233.89,0.01968503937007874,0.03932736642256577,0.1070110701107011,1.5379310344827586,185.94192825112108
2026-03-01,S071,Himaxx Qingdao Warehouse 71,Qingdao,North China,Himaxx Warehouse Outlet,Warehouse Outlet,7539,3659,799,2860,3184,1146,332,331,531,96179.58,69307.95,0.04403767077861785,0.0904618748291883,0.28970331588132636,1.5993975903614457,181.12915254237288
2026-03-01,S072,Himaxx Changsha Warehouse 72,Changsha,Central China,Himaxx Warehouse Outlet,Community Warehouse,8584,4117,976,3141,3592,1363,189,189,294,46207.82,32268.92,0.022017707362534947,0.045907213990769975,0.13866471019809246,1.5555555555555556,157.16945578231292
2026-03-01,S073,Himaxx Tianjin Warehouse 73,Tianjin,North China,Himaxx Warehouse Outlet,Mall Warehouse,7888,3651,826,2825,3459,1305,302,301,464,86354.36,63357.56,0.03828600405679513,0.08244316625582032,0.23141762452107278,1.5364238410596027,186.1085344827586
2026-03-01,S074,Himaxx Tianjin Warehouse 74,Tianjin,North China,Himaxx Warehouse Outlet,Warehouse Outlet,7576,3907,802,3105,3421,1238,385,380,655,110037.81,81544.01000000001,0.05081837381203801,0.09726132582544152,0.31098546042003233,1.7012987012987013,167.9966564885496
2026-03-01,S075,Himaxx Shenzhen Warehouse 75,Shenzhen,South China,Himaxx Warehouse Outlet,Warehouse Outlet,8609,4246,970,3276,3456,1202,263,262,438,79891.45,58880.98,0.030549425020327564,0.06170513424399435,0.21880199667221298,1.6653992395437263,182.4005707762557
2026-03-01,S076,Himaxx Nanjing Warehouse 76,Nanjing,East China,Himaxx Warehouse Outlet,Warehouse Outlet,8512,4165,930,3235,3963,1518,191,189,315,60550.62,43152.53,0.02243890977443609,0.0453781512605042,0.12582345191040845,1.649214659685864,192.22419047619047
2026-04-01,S001,Himaxx Beijing Warehouse 1,Beijing,North China,Himaxx Warehouse Outlet,Mall Warehouse,7689,3386,700,2686,3365,1128,435,433,723,128268.64,85947.04,0.05657432696059306,0.12787950383933847,0.38563829787234044,1.6620689655172414,177.41167358229598
2026-04-01,S002,Himaxx Nanjing Warehouse 2,Nanjing,East China,Himaxx Warehouse Outlet,Shopping Center Warehouse,8417,4025,959,3066,4000,1519,237,236,402,65581.68,45936.369999999995,0.028157300700962336,0.05863354037267081,0.15602369980250164,1.6962025316455696,163.13850746268656
2026-04-01,S003,Himaxx Shenzhen Warehouse 3,Shenzhen,South China,Himaxx Warehouse Outlet,Warehouse Outlet,7369,3402,685,2717,3352,1161,156,155,252,45644.83,35640.24,0.021169765232731712,0.04556143445032334,0.1343669250645995,1.6153846153846154,181.1302777777778
2026-04-01,S004,Himaxx Xiamen Warehouse 4,Xiamen,South China,Himaxx Warehouse Outlet,Pop-up Clearance Warehouse,7434,3507,704,2803,3114,1116,248,247,387,59034.59,43767.67,0.03336023675006726,0.07043056743655546,0.2222222222222222,1.560483870967742,152.54416020671835
2026-04-01,S005,Himaxx Changsha Warehouse 5,Changsha,Central China,Himaxx Warehouse Outlet,Shopping Center Warehouse,7741,3828,855,2973,3939,1516,214,214,357,58563.93,41039.18,0.02764500710502519,0.05590386624869383,0.14116094986807387,1.6682242990654206,164.0446218487395
2026-04-01,S006,Himaxx Qingdao Warehouse 6,Qingdao,North China,Himaxx Warehouse Outlet,Warehouse Outlet,7475,3526,843,2683,3641,1310,210,209,333,59919.17,44961.59,0.028093645484949834,0.05927396483267158,0.16030534351145037,1.5857142857142856,179.93744744744745
2026-04-01,S007,Himaxx Wuhan Warehouse 7,Wuhan,Central China,Himaxx Warehouse Outlet,Mall Warehouse,7369,3405,795,2610,3012,1142,252,250,397,72468.67,53529.81,0.03419731306825892,0.07342143906020558,0.22066549912434325,1.5753968253968254,182.5407304785894
2026-04-01,S008,Himaxx Changsha Warehouse 8,Changsha,Central China,Himaxx Warehouse Outlet,Mall Warehouse,7733,3635,783,2852,3621,1373,351,351,554,93992.96,69800.07,0.04538988749515065,0.09656121045392022,0.2556445739257101,1.5783475783475784,169.66238267148015
2026-04-01,S009,Himaxx Changsha Warehouse 9,Changsha,Central China,Himaxx Warehouse Outlet,Mall Warehouse,7705,3408,780,2628,3468,1332,324,324,525,98911.92,69215.01,0.04205061648280337,0.09507042253521127,0.24324324324324326,1.6203703703703705,188.40365714285713
2026-04-01,S010,Himaxx Changsha Warehouse 10,Changsha,Central China,Himaxx Warehouse Outlet,Community Warehouse,7730,3480,799,2681,3446,1211,309,308,491,81936.88,58107.23,0.03997412677878396,0.08850574712643679,0.2551610239471511,1.5889967637540454,166.87755600814666
2026-04-01,S011,Himaxx Chengdu Warehouse 11,Chengdu,West China,Himaxx Warehouse Outlet,Community Warehouse,8782,4370,927,3443,4189,1413,198,196,303,52840.62,35850.33,0.022546117057617856,0.044851258581235696,0.14012738853503184,1.5303030303030303,174.39148514851485
2026-04-01,S012,Himaxx Beijing Warehouse 12,Beijing,North China,Himaxx Warehouse Outlet,Warehouse Outlet,7838,3803,889,2914,3604,1291,386,383,628,104422.59,82498.56,0.04924725695330442,0.10070996581646069,0.29899302865995353,1.6269430051813472,166.2780095541401
2026-04-01,S013,Himaxx Shenzhen Warehouse 13,Shenzhen,South China,Himaxx Warehouse Outlet,Community Warehouse,7724,3497,746,2751,3579,1349,358,357,568,93558.47,67282.57,0.04634904194717763,0.10208750357449242,0.2653817642698295,1.5865921787709498,164.7156161971831
2026-04-01,S014,Himaxx Tianjin Warehouse 14,Tianjin,North China,Himaxx Warehouse Outlet,Shopping Center Warehouse,7288,3317,681,2636,3415,1216,229,225,351,55131.85,37509.12,0.03142151481888035,0.06783237865541152,0.18832236842105263,1.5327510917030567,157.0707977207977
2026-04-01,S015,Himaxx Hangzhou Warehouse 15,Hangzhou,East China,Himaxx Warehouse Outlet,Mall Warehouse,7730,3514,766,2748,3365,1129,255,253,400,66104.87,50197.25,0.032988357050452784,0.0719977233921457,0.22586359610274578,1.5686274509803921,165.26217499999998
2026-04-01,S016,Himaxx Chengdu Warehouse 16,Chengdu,West China,Himaxx Warehouse Outlet,Shopping Center Warehouse,8062,3859,820,3039,3647,1232,386,384,608,104663.27,70251.54,0.047878938228727366,0.09950764446747862,0.3133116883116883,1.5751295336787565,172.14353618421055
2026-04-01,S017,Himaxx Hangzhou Warehouse 17,Hangzhou,East China,Himaxx Warehouse Outlet,Shopping Center Warehouse,7987,3322,715,2607,3714,1396,274,274,437,77919.97,57833.549999999996,0.03430574683861275,0.08248043347381095,0.19627507163323782,1.594890510948905,178.30656750572084
2026-04-01,S018,Himaxx Xi'an Warehouse 18,Xi'an,West China,Himaxx Warehouse Outlet,Mall Warehouse,8049,3883,776,3107,3421,1155,296,296,472,80689.22,58317.52,0.03677475462790409,0.07622971928920938,0.25627705627705627,1.5945945945945945,170.9517372881356
2026-04-01,S019,Himaxx Qingdao Warehouse 19,Qingdao,North China,Himaxx Warehouse Outlet,Shopping Center Warehouse,7682,3547,778,2769,3489,1301,226,225,348,63378.56,47959.15,0.02941942202551419,0.0634338877925007,0.17371252882398155,1.5398230088495575,182.1222988505747
2026-04-01,S020,Himaxx Shanghai Warehouse 20,Shanghai,East China,Himaxx Warehouse Outlet,Warehouse Outlet,7456,3504,813,2691,3223,1172,332,331,528,91824.85,65986.86,0.04452789699570815,0.0944634703196347,0.2832764505119454,1.5903614457831325,173.91070075757577
2026-04-01,S021,Himaxx Changsha Warehouse 21,Changsha,Central China,Himaxx Warehouse Outlet,Pop-up Clearance Warehouse,7603,3626,777,2849,3362,1153,324,324,534,74490.43,53316.01,0.042614757332631856,0.08935466078323222,0.2810060711188205,1.6481481481481481,139.4951872659176
2026-04-01,S022,Himaxx Xiamen Warehouse 22,Xiamen,South China,Himaxx Warehouse Outlet,Mall Warehouse,7148,3362,862,2500,3251,1184,199,199,312,55502.46,38672.29,0.02783995523223279,0.05919095776323617,0.16807432432432431,1.5678391959798994,177.89249999999998
2026-04-01,S023,Himaxx Changsha Warehouse 23,Changsha,Central China,Himaxx Warehouse Outlet,Mall Warehouse,7391,3505,773,2732,3401,1249,259,257,447,69693.42,50167.0,0.035042619401975374,0.07332382310984308,0.20736589271417133,1.725868725868726,155.9136912751678
2026-04-01,S024,Himaxx Chongqing Warehouse 24,Chongqing,West China,Himaxx Warehouse Outlet,Mall Warehouse,7098,3396,780,2616,3180,1208,145,145,214,36880.270000000004,24979.68,0.02042828965905889,0.042697290930506476,0.12003311258278146,1.4758620689655173,172.33771028037384
2026-04-01,S025,Himaxx Hangzhou Warehouse 25,Hangzhou,East China,Himaxx Warehouse Outlet,Shopping Center Warehouse,7755,3535,689,2846,3505,1281,285,285,463,79725.06,58121.94,0.0367504835589942,0.08062234794908062,0.2224824355971897,1.6245614035087719,172.19235421166306
2026-04-01,S026,Himaxx Beijing Warehouse 26,Beijing,North China,Himaxx Warehouse Outlet,Shopping Center Warehouse,7283,3413,779,2634,3163,1174,364,362,576,99639.81,70268.17,0.04997940409172044,0.10606504541459127,0.3100511073253833,1.5824175824175823,172.98578125
2026-04-01,S027,Himaxx Chengdu Warehouse 27,Chengdu,West China,Himaxx Warehouse Outlet,Shopping Center Warehouse,6622,3081,656,2425,3264,1210,118,118,184,32392.48,22618.07,0.017819389912413167,0.038299253489126904,0.09752066115702479,1.5593220338983051,176.04608695652175
2026-04-01,S028,Himaxx Chongqing Warehouse 28,Chongqing,West China,Himaxx Warehouse Outlet,Warehouse Outlet,6972,3590,755,2835,3209,1170,190,189,300,50186.15,34708.92,0.02725186460126219,0.05264623955431755,0.1623931623931624,1.5789473684210527,167.28716666666668
2026-04-01,S029,Himaxx Suzhou Warehouse 29,Suzhou,East China,Himaxx Warehouse Outlet,Warehouse Outlet,7758,3888,907,2981,3435,1274,291,291,452,76937.0,59790.4,0.03750966744006187,0.07484567901234568,0.22841444270015698,1.5532646048109966,170.2146017699115
2026-04-01,S030,Himaxx Beijing Warehouse 30,Beijing,North China,Himaxx Warehouse Outlet,Warehouse Outlet,8097,3683,831,2852,3506,1333,208,207,332,52200.21,38835.85,0.025688526614795603,0.05620418137387999,0.15603900975243812,1.5961538461538463,157.2295481927711
2026-04-01,S031,Himaxx Xi'an Warehouse 31,Xi'an,West China,Himaxx Warehouse Outlet,Warehouse Outlet,7698,3800,837,2963,3439,1298,201,199,327,55603.49,38135.63,0.026110678098207326,0.05236842105263158,0.15485362095531588,1.626865671641791,170.04125382262995
2026-04-01,S032,Himaxx Wuhan Warehouse 32,Wuhan,Central China,Himaxx Warehouse Outlet,Mall Warehouse,7662,3193,776,2417,3400,1303,241,241,398,67149.08,48365.23,0.03145392847820412,0.07547760726589414,0.1849577897160399,1.6514522821576763,168.71628140703518
2026-04-01,S033,Himaxx Chongqing Warehouse 33,Chongqing,West China,Himaxx Warehouse Outlet,Mall Warehouse,7972,4146,952,3194,3377,1297,217,215,348,62938.04,45532.29,0.027220270948319115,0.05185721177038109,0.16730917501927525,1.6036866359447004,180.8564367816092
2026-04-01,S034,Himaxx Shenzhen Warehouse 34,Shenzhen,South China,Himaxx Warehouse Outlet,Warehouse Outlet,7012,3602,875,2727,3239,1204,384,382,615,111516.54,79454.3,0.05476326297775243,0.10605219322598557,0.31893687707641194,1.6015625,181.32770731707316
2026-04-01,S035,Himaxx Chongqing Warehouse 35,Chongqing,West China,Himaxx Warehouse Outlet,Pop-up Clearance Warehouse,8235,4311,953,3358,3851,1492,204,203,318,44998.85,32261.48,0.02477231329690346,0.047088842495940614,0.13672922252010725,1.5588235294117647,141.50581761006288
2026-04-01,S036,Himaxx Nanjing Warehouse 36,Nanjing,East China,Himaxx Warehouse Outlet,Warehouse Outlet,7702,3708,837,2871,3546,1299,242,240,356,62337.15,43550.42,0.03142041028304336,0.06472491909385113,0.18629715165511931,1.4710743801652892,175.10435393258427
2026-04-01,S037,Himaxx Shenzhen Warehouse 37,Shenzhen,South China,Himaxx Warehouse Outlet,Warehouse Outlet,7694,3631,776,2855,3540,1163,215,214,333,60148.13,46811.77,0.027943852352482455,0.058936931974662626,0.18486672398968185,1.5488372093023255,180.625015015015
2026-04-01,S038,Himaxx Qingdao Warehouse 38,Qingdao,North China,Himaxx Warehouse Outlet,Warehouse Outlet,7022,3206,711,2495,3149,1229,341,337,554,96129.4,70664.79,0.0485616633437767,0.10511540860885839,0.2774613506916192,1.6246334310850439,173.5187725631769
2026-04-01,S039,Himaxx Shenzhen Warehouse 39,Shenzhen,South China,Himaxx Warehouse Outlet,Pop-up Clearance Warehouse,6968,3217,708,2509,3231,1169,302,302,480,71093.87,50217.13,0.043340987370838115,0.09387628225054398,0.2583404619332763,1.5894039735099337,148.11222916666665
2026-04-01,S040,Himaxx Xiamen Warehouse 40,Xiamen,South China,Himaxx Warehouse Outlet,Warehouse Outlet,7114,3508,684,2824,3610,1299,377,374,592,99216.34,76764.46,0.052994096148439696,0.10661345496009123,0.29022324865280985,1.570291777188329,167.59516891891892
2026-04-01,S041,Himaxx Shanghai Warehouse 41,Shanghai,East China,Himaxx Warehouse Outlet,Shopping Center Warehouse,9088,4175,1009,3166,4106,1591,155,155,239,49313.78,38890.56,0.017055457746478875,0.037125748502994015,0.09742300439974859,1.5419354838709678,206.33380753138076
2026-04-01,S042,Himaxx Shanghai Warehouse 42,Shanghai,East China,Himaxx Warehouse Outlet,Community Warehouse,8026,3692,754,2938,3220,1162,332,332,520,83928.56,61238.36,0.041365561923747816,0.08992416034669556,0.2857142857142857,1.5662650602409638,161.40107692307691
2026-04-01,S043,Himaxx Hangzhou Warehouse 43,Hangzhou,East China,Himaxx Warehouse Outlet,Warehouse Outlet,7215,3463,731,2732,3252,1088,297,297,493,80489.92,54869.86,0.041164241164241167,0.08576378862258158,0.27297794117647056,1.65993265993266,163.26555780933063
2026-04-01,S044,Himaxx Changsha Warehouse 44,Changsha,Central China,Himaxx Warehouse Outlet,Community Warehouse,7013,3335,773,2562,3142,1106,329,327,485,79454.0,56329.04,0.046912876087266506,0.09805097451274362,0.2974683544303797,1.4741641337386018,163.82268041237114
2026-04-01,S045,Himaxx Beijing Warehouse 45,Beijing,North China,Himaxx Warehouse Outlet,Warehouse Outlet,7450,3251,668,2583,3028,1017,245,245,388,76062.99,53298.18,0.032885906040268455,0.07536142725315288,0.24090462143559488,1.583673469387755,196.03863402061856
2026-04-01,S046,Himaxx Shanghai Warehouse 46,Shanghai,East China,Himaxx Warehouse Outlet,Shopping Center Warehouse,7730,3775,859,2916,3512,1342,330,328,500,90957.55,67606.78,0.042690815006468305,0.08688741721854305,0.2459016393442623,1.5151515151515151,181.9151
2026-04-01,S047,Himaxx Xiamen Warehouse 47,Xiamen,South China,Himaxx Warehouse Outlet,Warehouse Outlet,7175,3461,779,2682,3219,1233,299,297,507,82669.94,59796.0,0.041672473867595816,0.08581334874313783,0.24249797242497972,1.6956521739130435,163.0570808678501
2026-04-01,S048,Himaxx Chongqing Warehouse 48,Chongqing,West China,Himaxx Warehouse Outlet,Mall Warehouse,7424,3375,689,2686,3404,1251,257,257,413,68328.61,47682.75,0.03461745689655173,0.07614814814814815,0.20543565147881696,1.6070038910505837,165.44457627118643
2026-04-01,S049,Himaxx Shenzhen Warehouse 49,Shenzhen,South China,Himaxx Warehouse Outlet,Warehouse Outlet,6474,3221,694,2527,2806,1005,347,343,541,98102.5,72553.1,0.053599011430336733,0.10648866811549208,0.345273631840796,1.559077809798271,181.33548983364142
2026-04-01,S050,Himaxx Suzhou Warehouse 50,Suzhou,East China,Himaxx Warehouse Outlet,Community Warehouse,7687,3911,859,3052,3429,1148,185,185,292,46526.42,34146.0,0.024066605958111095,0.04730248018409614,0.16114982578397213,1.5783783783783785,159.33705479452055
2026-04-01,S051,Himaxx Qingdao Warehouse 51,Qingdao,North China,Himaxx Warehouse Outlet,Shopping Center Warehouse,8655,4378,953,3425,3699,1487,272,267,423,73575.27,54418.770000000004,0.03142692085499711,0.06098675194152581,0.18291862811028917,1.5551470588235294,173.93680851063831
2026-04-01,S052,Himaxx Shanghai Warehouse 52,Shanghai,East China,Himaxx Warehouse Outlet,Shopping Center Warehouse,6960,3079,702,2377,2851,1145,241,240,386,69780.53,48697.41,0.0346264367816092,0.07794738551477752,0.21048034934497817,1.6016597510373445,180.77857512953366
2026-04-01,S053,Himaxx Chongqing Warehouse 53,Chongqing,West China,Himaxx Warehouse Outlet,Warehouse Outlet,6988,3330,754,2576,3004,1084,364,360,574,96553.05,65224.97,0.052089295935890095,0.10810810810810811,0.33579335793357934,1.5769230769230769,168.21088850174218
2026-04-01,S054,Himaxx Tianjin Warehouse 54,Tianjin,North China,Himaxx Warehouse Outlet,Community Warehouse,7496,3674,807,2867,3305,1177,302,301,459,77894.35,57635.43,0.040288153681963715,0.0819270549809472,0.25658453695836875,1.5198675496688743,169.70446623093684
2026-04-01,S055,Himaxx Xiamen Warehouse 55,Xiamen,South China,Himaxx Warehouse Outlet,Mall Warehouse,7144,3140,588,2552,3042,1189,386,382,643,113768.41,85919.46,0.05403135498320269,0.12165605095541401,0.3246425567703953,1.66580310880829,176.9337636080871
2026-04-01,S056,Himaxx Nanjing Warehouse 56,Nanjing,East China,Himaxx Warehouse Outlet,Warehouse Outlet,7167,3204,657,2547,3119,1111,334,334,582,104949.7,77390.45,0.0466024836054137,0.10424469413233459,0.30063006300630063,1.7425149700598803,180.32594501718214
2026-04-01,S057,Himaxx Shanghai Warehouse 57,Shanghai,East China,Himaxx Warehouse Outlet,Warehouse Outlet,8105,3830,815,3015,3993,1491,269,268,426,70989.31999999999,50885.46,0.03318938926588526,0.06997389033942558,0.18041582830315225,1.58364312267658,166.64159624413145
2026-04-01,S058,Himaxx Xiamen Warehouse 58,Xiamen,South China,Himaxx Warehouse Outlet,Shopping Center Warehouse,7078,3127,762,2365,2986,1147,181,178,282,50834.41,33550.38,0.025572195535461997,0.05692356891589383,0.15780296425457715,1.558011049723757,180.26386524822695
2026-04-01,S059,Himaxx Suzhou Warehouse 59,Suzhou,East China,Himaxx Warehouse Outlet,Mall Warehouse,8219,3764,865,2899,3497,1367,161,158,263,42880.26,31751.52,0.019588757756418055,0.04197662061636557,0.11777615215801024,1.6335403726708075,163.04281368821293
2026-04-01,S060,Himaxx Xi'an Warehouse 60,Xi'an,West China,Himaxx Warehouse Outlet,Mall Warehouse,7119,3470,773,2697,3019,1097,347,347,531,91853.75,69962.28,0.04874280095519033,0.1,0.31631722880583407,1.5302593659942363,172.98258003766477
2026-04-01,S061,Himaxx Xiamen Warehouse 61,Xiamen,South China,Himaxx Warehouse Outlet,Community Warehouse,7457,3406,832,2574,3305,1227,168,168,281,49312.38,36744.69,0.022529167225425775,0.04932472108044627,0.13691931540342298,1.6726190476190477,175.48889679715302
2026-04-01,S062,Himaxx Xi'an Warehouse 62,Xi'an,West China,Himaxx Warehouse Outlet,Community Warehouse,8002,3685,886,2799,3600,1245,254,253,435,73593.11,56220.35,0.03174206448387903,0.06865671641791045,0.20401606425702812,1.7125984251968505,169.1795632183908
2026-04-01,S063,Himaxx Nanjing Warehouse 63,Nanjing,East China,Himaxx Warehouse Outlet,Mall Warehouse,7348,3437,738,2699,3321,1329,116,116,186,28167.82,21586.52,0.015786608600979857,0.033750363689263894,0.0872836719337848,1.603448275862069,151.43989247311828
2026-04-01,S064,Himaxx Guangzhou Warehouse 64,Guangzhou,South China,Himaxx Warehouse Outlet,Shopping Center Warehouse,7507,3572,748,2824,3568,1342,347,345,532,91159.52,65796.69,0.046223524710270414,0.09658454647256438,0.2585692995529061,1.5331412103746398,171.35248120300753
2026-04-01,S065,Himaxx Tianjin Warehouse 65,Tianjin,North China,Himaxx Warehouse Outlet,Shopping Center Warehouse,7755,3835,876,2959,3501,1447,270,267,457,81477.81,60376.7,0.03481624758220503,0.06962190352020861,0.18659295093296477,1.6925925925925926,178.28842450765865
2026-04-01,S066,Himaxx Tianjin Warehouse 66,Tianjin,North China,Himaxx Warehouse Outlet,Shopping Center Warehouse,7485,3627,721,2906,3298,1249,169,166,267,50663.25,36572.75,0.022578490313961256,0.045767852219465124,0.13530824659727783,1.5798816568047338,189.75
2026-04-01,S067,Himaxx Beijing Warehouse 67,Beijing,North China,Himaxx Warehouse Outlet,Shopping Center Warehouse,6750,3103,738,2365,3013,1079,264,263,430,76978.53,58327.87,0.03911111111111111,0.08475668707702223,0.24467099165894346,1.628787878787879,179.01983720930232
2026-04-01,S068,Himaxx Suzhou Warehouse 68,Suzhou,East China,Himaxx Warehouse Outlet,Mall Warehouse,7532,3410,830,2580,3396,1235,247,247,385,68510.93,48808.14,0.032793414763674984,0.07243401759530792,0.2,1.5587044534412955,177.9504675324675
2026-04-01,S069,Himaxx Beijing Warehouse 69,Beijing,North China,Himaxx Warehouse Outlet,Warehouse Outlet,7930,3779,797,2982,3395,1169,250,248,381,65100.23,46272.99,0.031525851197982346,0.06562582693834347,0.21385799828913601,1.524,170.86674540682415
2026-04-01,S070,Himaxx Changsha Warehouse 70,Changsha,Central China,Himaxx Warehouse Outlet,Shopping Center Warehouse,7409,3650,794,2856,3497,1260,149,148,243,42034.28,29204.63,0.02011067620461601,0.040547945205479455,0.11825396825396825,1.6308724832214765,172.98057613168723
2026-04-01,S071,Himaxx Qingdao Warehouse 71,Qingdao,North China,Himaxx Warehouse Outlet,Warehouse Outlet,7734,4037,874,3163,3754,1480,239,238,360,59741.12,44022.96,0.030902508404447894,0.05895466930889274,0.16148648648648647,1.506276150627615,165.94755555555557
2026-04-01,S072,Himaxx Changsha Warehouse 72,Changsha,Central China,Himaxx Warehouse Outlet,Community Warehouse,7092,3498,820,2678,2949,1047,168,168,288,55823.07,36280.4,0.023688663282571912,0.048027444253859346,0.16045845272206305,1.7142857142857142,193.83010416666667
2026-04-01,S073,Himaxx Tianjin Warehouse 73,Tianjin,North China,Himaxx Warehouse Outlet,Mall Warehouse,7322,3499,793,2706,3326,1280,329,326,542,92963.74,70881.94,0.044933078393881457,0.09316947699342669,0.25703125,1.6474164133738602,171.519815498155
2026-04-01,S074,Himaxx Tianjin Warehouse 74,Tianjin,North China,Himaxx Warehouse Outlet,Warehouse Outlet,6936,3274,631,2643,2952,1265,377,374,626,101293.51,73536.3,0.054354094579008076,0.11423335369578497,0.29802371541501976,1.660477453580902,161.81071884984024
2026-04-01,S075,Himaxx Shenzhen Warehouse 75,Shenzhen,South China,Himaxx Warehouse Outlet,Warehouse Outlet,6873,3259,713,2546,3018,1042,240,238,366,66738.04,45901.4,0.034919249236141425,0.07302853636084689,0.23032629558541268,1.525,182.34437158469945
2026-04-01,S076,Himaxx Nanjing Warehouse 76,Nanjing,East China,Himaxx Warehouse Outlet,Warehouse Outlet,6534,3302,651,2651,2677,922,165,164,264,45389.09,31946.43,0.025252525252525252,0.04966686856450636,0.1789587852494577,1.6,171.9283712121212
